Statistik_Code;Statistik_Label;Zeit_Code;Zeit_Label;Zeit;1_Merkmal_Code;1_Merkmal_Label;1_Auspraegung_Code;1_Auspraegung_Label;ID0002__Verfuegbares_Einkommen_je_EW__EUR
99910;Regionalatlas Deutschland;JAHR;Jahr;2019;KREISE;Kreise und kreisfreie Städte;DG;Deutschland;23595
99910;Regionalatlas Deutschland;JAHR;Jahr;2019;KREISE;Kreise und kreisfreie Städte;01;  Schleswig-Holstein;23995
99910;Regionalatlas Deutschland;JAHR;Jahr;2019;KREISE;Kreise und kreisfreie Städte;01001;      Flensburg, kreisfreie Stadt;19384
99910;Regionalatlas Deutschland;JAHR;Jahr;2019;KREISE;Kreise und kreisfreie Städte;01002;      Kiel, kreisfreie Stadt;20216
99910;Regionalatlas Deutschland;JAHR;Jahr;2019;KREISE;Kreise und kreisfreie Städte;01003;      Lübeck, kreisfreie Stadt, Hansestadt;21164
99910;Regionalatlas Deutschland;JAHR;Jahr;2019;KREISE;Kreise und kreisfreie Städte;01004;      Neumünster, kreisfreie Stadt;20133
99910;Regionalatlas Deutschland;JAHR;Jahr;2019;KREISE;Kreise und kreisfreie Städte;01051;      Dithmarschen, Kreis;24015
99910;Regionalatlas Deutschland;JAHR;Jahr;2019;KREISE;Kreise und kreisfreie Städte;01053;      Herzogtum Lauenburg, Kreis;24577
99910;Regionalatlas Deutschland;JAHR;Jahr;2019;KREISE;Kreise und kreisfreie Städte;01054;      Nordfriesland, Kreis;27412
99910;Regionalatlas Deutschland;JAHR;Jahr;2019;KREISE;Kreise und kreisfreie Städte;01055;      Ostholstein, Kreis;24767
99910;Regionalatlas Deutschland;JAHR;Jahr;2019;KREISE;Kreise und kreisfreie Städte;01056;      Pinneberg, Kreis;25576
99910;Regionalatlas Deutschland;JAHR;Jahr;2019;KREISE;Kreise und kreisfreie Städte;01057;      Plön, Kreis;24390
99910;Regionalatlas Deutschland;JAHR;Jahr;2019;KREISE;Kreise und kreisfreie Städte;01058;      Rendsburg-Eckernförde, Kreis;24968
99910;Regionalatlas Deutschland;JAHR;Jahr;2019;KREISE;Kreise und kreisfreie Städte;01059;      Schleswig-Flensburg, Kreis;23782
99910;Regionalatlas Deutschland;JAHR;Jahr;2019;KREISE;Kreise und kreisfreie Städte;01060;      Segeberg, Kreis;24417
99910;Regionalatlas Deutschland;JAHR;Jahr;2019;KREISE;Kreise und kreisfreie Städte;01061;      Steinburg, Kreis;23128
99910;Regionalatlas Deutschland;JAHR;Jahr;2019;KREISE;Kreise und kreisfreie Städte;01062;      Stormarn, Kreis;26692
99910;Regionalatlas Deutschland;JAHR;Jahr;2019;KREISE;Kreise und kreisfreie Städte;02;  Hamburg;25340
99910;Regionalatlas Deutschland;JAHR;Jahr;2019;KREISE;Kreise und kreisfreie Städte;03;  Niedersachsen;22799
99910;Regionalatlas Deutschland;JAHR;Jahr;2019;KREISE;Kreise und kreisfreie Städte;031;    Braunschweig, Statistische Region;22951
99910;Regionalatlas Deutschland;JAHR;Jahr;2019;KREISE;Kreise und kreisfreie Städte;03101;      Braunschweig, kreisfreie Stadt;23306
99910;Regionalatlas Deutschland;JAHR;Jahr;2019;KREISE;Kreise und kreisfreie Städte;03102;      Salzgitter, kreisfreie Stadt;20388
99910;Regionalatlas Deutschland;JAHR;Jahr;2019;KREISE;Kreise und kreisfreie Städte;03103;      Wolfsburg, kreisfreie Stadt;25296
99910;Regionalatlas Deutschland;JAHR;Jahr;2019;KREISE;Kreise und kreisfreie Städte;03151;      Gifhorn, Landkreis;24564
99910;Regionalatlas Deutschland;JAHR;Jahr;2019;KREISE;Kreise und kreisfreie Städte;03152;      Göttingen, Landkreis;-
99910;Regionalatlas Deutschland;JAHR;Jahr;2019;KREISE;Kreise und kreisfreie Städte;03153;      Goslar, Landkreis;21889
99910;Regionalatlas Deutschland;JAHR;Jahr;2019;KREISE;Kreise und kreisfreie Städte;03154;      Helmstedt, Landkreis;24035
99910;Regionalatlas Deutschland;JAHR;Jahr;2019;KREISE;Kreise und kreisfreie Städte;03155;      Northeim, Landkreis;23006
99910;Regionalatlas Deutschland;JAHR;Jahr;2019;KREISE;Kreise und kreisfreie Städte;03156;      Osterode am Harz, Landkreis;-
99910;Regionalatlas Deutschland;JAHR;Jahr;2019;KREISE;Kreise und kreisfreie Städte;03157;      Peine, Landkreis;23076
99910;Regionalatlas Deutschland;JAHR;Jahr;2019;KREISE;Kreise und kreisfreie Städte;03158;      Wolfenbüttel, Landkreis;23319
99910;Regionalatlas Deutschland;JAHR;Jahr;2019;KREISE;Kreise und kreisfreie Städte;03159;      Göttingen, Landkreis;21673
99910;Regionalatlas Deutschland;JAHR;Jahr;2019;KREISE;Kreise und kreisfreie Städte;032;    Hannover, Statistische Region;22565
99910;Regionalatlas Deutschland;JAHR;Jahr;2019;KREISE;Kreise und kreisfreie Städte;03241;      Region Hannover, Landkreis;22325
99910;Regionalatlas Deutschland;JAHR;Jahr;2019;KREISE;Kreise und kreisfreie Städte;03241001;      Hannover, Landeshauptstadt;21860
99910;Regionalatlas Deutschland;JAHR;Jahr;2019;KREISE;Kreise und kreisfreie Städte;03251;      Diepholz, Landkreis;24495
99910;Regionalatlas Deutschland;JAHR;Jahr;2019;KREISE;Kreise und kreisfreie Städte;03252;      Hameln-Pyrmont, Landkreis;22691
99910;Regionalatlas Deutschland;JAHR;Jahr;2019;KREISE;Kreise und kreisfreie Städte;03254;      Hildesheim, Landkreis;22177
99910;Regionalatlas Deutschland;JAHR;Jahr;2019;KREISE;Kreise und kreisfreie Städte;03255;      Holzminden, Landkreis;22013
99910;Regionalatlas Deutschland;JAHR;Jahr;2019;KREISE;Kreise und kreisfreie Städte;03256;      Nienburg (Weser), Landkreis;22123
99910;Regionalatlas Deutschland;JAHR;Jahr;2019;KREISE;Kreise und kreisfreie Städte;03257;      Schaumburg, Landkreis;22827
99910;Regionalatlas Deutschland;JAHR;Jahr;2019;KREISE;Kreise und kreisfreie Städte;033;    Lüneburg, Statistische Region;23521
99910;Regionalatlas Deutschland;JAHR;Jahr;2019;KREISE;Kreise und kreisfreie Städte;03351;      Celle, Landkreis;21812
99910;Regionalatlas Deutschland;JAHR;Jahr;2019;KREISE;Kreise und kreisfreie Städte;03352;      Cuxhaven, Landkreis;22819
99910;Regionalatlas Deutschland;JAHR;Jahr;2019;KREISE;Kreise und kreisfreie Städte;03353;      Harburg, Landkreis;26483
99910;Regionalatlas Deutschland;JAHR;Jahr;2019;KREISE;Kreise und kreisfreie Städte;03354;      Lüchow-Dannenberg, Landkreis;21792
99910;Regionalatlas Deutschland;JAHR;Jahr;2019;KREISE;Kreise und kreisfreie Städte;03355;      Lüneburg, Landkreis;22041
99910;Regionalatlas Deutschland;JAHR;Jahr;2019;KREISE;Kreise und kreisfreie Städte;03356;      Osterholz, Landkreis;24082
99910;Regionalatlas Deutschland;JAHR;Jahr;2019;KREISE;Kreise und kreisfreie Städte;03357;      Rotenburg (Wümme), Landkreis;23845
99910;Regionalatlas Deutschland;JAHR;Jahr;2019;KREISE;Kreise und kreisfreie Städte;03358;      Heidekreis;21926
99910;Regionalatlas Deutschland;JAHR;Jahr;2019;KREISE;Kreise und kreisfreie Städte;03359;      Stade, Landkreis;24033
99910;Regionalatlas Deutschland;JAHR;Jahr;2019;KREISE;Kreise und kreisfreie Städte;03360;      Uelzen, Landkreis;22382
99910;Regionalatlas Deutschland;JAHR;Jahr;2019;KREISE;Kreise und kreisfreie Städte;03361;      Verden, Landkreis;24672
99910;Regionalatlas Deutschland;JAHR;Jahr;2019;KREISE;Kreise und kreisfreie Städte;034;    Weser-Ems, Statistische Region;22412
99910;Regionalatlas Deutschland;JAHR;Jahr;2019;KREISE;Kreise und kreisfreie Städte;03401;      Delmenhorst, kreisfreie Stadt;19755
99910;Regionalatlas Deutschland;JAHR;Jahr;2019;KREISE;Kreise und kreisfreie Städte;03402;      Emden, kreisfreie Stadt;19340
99910;Regionalatlas Deutschland;JAHR;Jahr;2019;KREISE;Kreise und kreisfreie Städte;03403;      Oldenburg (Oldenburg), kreisfreie Stadt;21000
99910;Regionalatlas Deutschland;JAHR;Jahr;2019;KREISE;Kreise und kreisfreie Städte;03404;      Osnabrück, kreisfreie Stadt;21795
99910;Regionalatlas Deutschland;JAHR;Jahr;2019;KREISE;Kreise und kreisfreie Städte;03405;      Wilhelmshaven, kreisfreie Stadt;19076
99910;Regionalatlas Deutschland;JAHR;Jahr;2019;KREISE;Kreise und kreisfreie Städte;03451;      Ammerland, Landkreis;23520
99910;Regionalatlas Deutschland;JAHR;Jahr;2019;KREISE;Kreise und kreisfreie Städte;03452;      Aurich, Landkreis;21539
99910;Regionalatlas Deutschland;JAHR;Jahr;2019;KREISE;Kreise und kreisfreie Städte;03453;      Cloppenburg, Landkreis;22731
99910;Regionalatlas Deutschland;JAHR;Jahr;2019;KREISE;Kreise und kreisfreie Städte;03454;      Emsland, Landkreis;23224
99910;Regionalatlas Deutschland;JAHR;Jahr;2019;KREISE;Kreise und kreisfreie Städte;03455;      Friesland, Landkreis;22286
99910;Regionalatlas Deutschland;JAHR;Jahr;2019;KREISE;Kreise und kreisfreie Städte;03456;      Grafschaft Bentheim, Landkreis;21955
99910;Regionalatlas Deutschland;JAHR;Jahr;2019;KREISE;Kreise und kreisfreie Städte;03457;      Leer, Landkreis;20824
99910;Regionalatlas Deutschland;JAHR;Jahr;2019;KREISE;Kreise und kreisfreie Städte;03458;      Oldenburg, Landkreis;24562
99910;Regionalatlas Deutschland;JAHR;Jahr;2019;KREISE;Kreise und kreisfreie Städte;03459;      Osnabrück, Landkreis;23721
99910;Regionalatlas Deutschland;JAHR;Jahr;2019;KREISE;Kreise und kreisfreie Städte;03460;      Vechta, Landkreis;24081
99910;Regionalatlas Deutschland;JAHR;Jahr;2019;KREISE;Kreise und kreisfreie Städte;03461;      Wesermarsch, Landkreis;22779
99910;Regionalatlas Deutschland;JAHR;Jahr;2019;KREISE;Kreise und kreisfreie Städte;03462;      Wittmund, Landkreis;22230
99910;Regionalatlas Deutschland;JAHR;Jahr;2019;KREISE;Kreise und kreisfreie Städte;04;  Bremen;21930
99910;Regionalatlas Deutschland;JAHR;Jahr;2019;KREISE;Kreise und kreisfreie Städte;04011;      Bremen, kreisfreie Stadt;22588
99910;Regionalatlas Deutschland;JAHR;Jahr;2019;KREISE;Kreise und kreisfreie Städte;04012;      Bremerhaven, kreisfreie Stadt;18640
99910;Regionalatlas Deutschland;JAHR;Jahr;2019;KREISE;Kreise und kreisfreie Städte;05;  Nordrhein-Westfalen;22910
99910;Regionalatlas Deutschland;JAHR;Jahr;2019;KREISE;Kreise und kreisfreie Städte;051;    Düsseldorf, Regierungsbezirk;22901
99910;Regionalatlas Deutschland;JAHR;Jahr;2019;KREISE;Kreise und kreisfreie Städte;05111;      Düsseldorf, kreisfreie Stadt;26736
99910;Regionalatlas Deutschland;JAHR;Jahr;2019;KREISE;Kreise und kreisfreie Städte;05112;      Duisburg, kreisfreie Stadt;17797
99910;Regionalatlas Deutschland;JAHR;Jahr;2019;KREISE;Kreise und kreisfreie Städte;05113;      Essen, kreisfreie Stadt;21061
99910;Regionalatlas Deutschland;JAHR;Jahr;2019;KREISE;Kreise und kreisfreie Städte;05114;      Krefeld, kreisfreie Stadt;21983
99910;Regionalatlas Deutschland;JAHR;Jahr;2019;KREISE;Kreise und kreisfreie Städte;05116;      Mönchengladbach, kreisfreie Stadt;21422
99910;Regionalatlas Deutschland;JAHR;Jahr;2019;KREISE;Kreise und kreisfreie Städte;05117;      Mülheim an der Ruhr, kreisfreie Stadt;23762
99910;Regionalatlas Deutschland;JAHR;Jahr;2019;KREISE;Kreise und kreisfreie Städte;05119;      Oberhausen, kreisfreie Stadt;19304
99910;Regionalatlas Deutschland;JAHR;Jahr;2019;KREISE;Kreise und kreisfreie Städte;05120;      Remscheid, kreisfreie Stadt;22649
99910;Regionalatlas Deutschland;JAHR;Jahr;2019;KREISE;Kreise und kreisfreie Städte;05122;      Solingen, kreisfreie Stadt;23761
99910;Regionalatlas Deutschland;JAHR;Jahr;2019;KREISE;Kreise und kreisfreie Städte;05124;      Wuppertal, kreisfreie Stadt;21304
99910;Regionalatlas Deutschland;JAHR;Jahr;2019;KREISE;Kreise und kreisfreie Städte;05154;      Kleve, Kreis;21973
99910;Regionalatlas Deutschland;JAHR;Jahr;2019;KREISE;Kreise und kreisfreie Städte;05158;      Mettmann, Kreis;25973
99910;Regionalatlas Deutschland;JAHR;Jahr;2019;KREISE;Kreise und kreisfreie Städte;05162;      Rhein-Kreis Neuss;25721
99910;Regionalatlas Deutschland;JAHR;Jahr;2019;KREISE;Kreise und kreisfreie Städte;05166;      Viersen, Kreis;24163
99910;Regionalatlas Deutschland;JAHR;Jahr;2019;KREISE;Kreise und kreisfreie Städte;05170;      Wesel, Kreis;23005
99910;Regionalatlas Deutschland;JAHR;Jahr;2019;KREISE;Kreise und kreisfreie Städte;053;    Köln, Regierungsbezirk;23288
99910;Regionalatlas Deutschland;JAHR;Jahr;2019;KREISE;Kreise und kreisfreie Städte;05314;      Bonn, kreisfreie Stadt;23661
99910;Regionalatlas Deutschland;JAHR;Jahr;2019;KREISE;Kreise und kreisfreie Städte;05315;      Köln, kreisfreie Stadt;23316
99910;Regionalatlas Deutschland;JAHR;Jahr;2019;KREISE;Kreise und kreisfreie Städte;05316;      Leverkusen, kreisfreie Stadt;22549
99910;Regionalatlas Deutschland;JAHR;Jahr;2019;KREISE;Kreise und kreisfreie Städte;05334;      Städteregion Aachen, Kreis;21151
99910;Regionalatlas Deutschland;JAHR;Jahr;2019;KREISE;Kreise und kreisfreie Städte;05334002;      Aachen, kreisfreie Stadt;.
99910;Regionalatlas Deutschland;JAHR;Jahr;2019;KREISE;Kreise und kreisfreie Städte;05354;      Aachen, Kreis;-
99910;Regionalatlas Deutschland;JAHR;Jahr;2019;KREISE;Kreise und kreisfreie Städte;05358;      Düren, Kreis;22081
99910;Regionalatlas Deutschland;JAHR;Jahr;2019;KREISE;Kreise und kreisfreie Städte;05362;      Rhein-Erft-Kreis;23461
99910;Regionalatlas Deutschland;JAHR;Jahr;2019;KREISE;Kreise und kreisfreie Städte;05366;      Euskirchen, Kreis;22607
99910;Regionalatlas Deutschland;JAHR;Jahr;2019;KREISE;Kreise und kreisfreie Städte;05370;      Heinsberg, Kreis;21599
99910;Regionalatlas Deutschland;JAHR;Jahr;2019;KREISE;Kreise und kreisfreie Städte;05374;      Oberbergischer Kreis;23617
99910;Regionalatlas Deutschland;JAHR;Jahr;2019;KREISE;Kreise und kreisfreie Städte;05378;      Rheinisch-Bergischer Kreis;26935
99910;Regionalatlas Deutschland;JAHR;Jahr;2019;KREISE;Kreise und kreisfreie Städte;05382;      Rhein-Sieg-Kreis;24674
99910;Regionalatlas Deutschland;JAHR;Jahr;2019;KREISE;Kreise und kreisfreie Städte;055;    Münster, Regierungsbezirk;22517
99910;Regionalatlas Deutschland;JAHR;Jahr;2019;KREISE;Kreise und kreisfreie Städte;05512;      Bottrop, kreisfreie Stadt;21262
99910;Regionalatlas Deutschland;JAHR;Jahr;2019;KREISE;Kreise und kreisfreie Städte;05513;      Gelsenkirchen, kreisfreie Stadt;17001
99910;Regionalatlas Deutschland;JAHR;Jahr;2019;KREISE;Kreise und kreisfreie Städte;05515;      Münster, kreisfreie Stadt;23620
99910;Regionalatlas Deutschland;JAHR;Jahr;2019;KREISE;Kreise und kreisfreie Städte;05554;      Borken, Kreis;23958
99910;Regionalatlas Deutschland;JAHR;Jahr;2019;KREISE;Kreise und kreisfreie Städte;05558;      Coesfeld, Kreis;24894
99910;Regionalatlas Deutschland;JAHR;Jahr;2019;KREISE;Kreise und kreisfreie Städte;05562;      Recklinghausen, Kreis;21222
99910;Regionalatlas Deutschland;JAHR;Jahr;2019;KREISE;Kreise und kreisfreie Städte;05566;      Steinfurt, Kreis;23568
99910;Regionalatlas Deutschland;JAHR;Jahr;2019;KREISE;Kreise und kreisfreie Städte;05570;      Warendorf, Kreis;24320
99910;Regionalatlas Deutschland;JAHR;Jahr;2019;KREISE;Kreise und kreisfreie Städte;057;    Detmold, Regierungsbezirk;23548
99910;Regionalatlas Deutschland;JAHR;Jahr;2019;KREISE;Kreise und kreisfreie Städte;05711;      Bielefeld, kreisfreie Stadt;22271
99910;Regionalatlas Deutschland;JAHR;Jahr;2019;KREISE;Kreise und kreisfreie Städte;05754;      Gütersloh, Kreis;25949
99910;Regionalatlas Deutschland;JAHR;Jahr;2019;KREISE;Kreise und kreisfreie Städte;05758;      Herford, Kreis;23636
99910;Regionalatlas Deutschland;JAHR;Jahr;2019;KREISE;Kreise und kreisfreie Städte;05762;      Höxter, Kreis;23146
99910;Regionalatlas Deutschland;JAHR;Jahr;2019;KREISE;Kreise und kreisfreie Städte;05766;      Lippe, Kreis;23185
99910;Regionalatlas Deutschland;JAHR;Jahr;2019;KREISE;Kreise und kreisfreie Städte;05770;      Minden-Lübbecke, Kreis;23511
99910;Regionalatlas Deutschland;JAHR;Jahr;2019;KREISE;Kreise und kreisfreie Städte;05774;      Paderborn, Kreis;22648
99910;Regionalatlas Deutschland;JAHR;Jahr;2019;KREISE;Kreise und kreisfreie Städte;059;    Arnsberg, Regierungsbezirk;22376
99910;Regionalatlas Deutschland;JAHR;Jahr;2019;KREISE;Kreise und kreisfreie Städte;05911;      Bochum, kreisfreie Stadt;20794
99910;Regionalatlas Deutschland;JAHR;Jahr;2019;KREISE;Kreise und kreisfreie Städte;05913;      Dortmund, kreisfreie Stadt;20074
99910;Regionalatlas Deutschland;JAHR;Jahr;2019;KREISE;Kreise und kreisfreie Städte;05914;      Hagen, kreisfreie Stadt;19977
99910;Regionalatlas Deutschland;JAHR;Jahr;2019;KREISE;Kreise und kreisfreie Städte;05915;      Hamm, kreisfreie Stadt;19245
99910;Regionalatlas Deutschland;JAHR;Jahr;2019;KREISE;Kreise und kreisfreie Städte;05916;      Herne, kreisfreie Stadt;18425
99910;Regionalatlas Deutschland;JAHR;Jahr;2019;KREISE;Kreise und kreisfreie Städte;05954;      Ennepe-Ruhr-Kreis;24636
99910;Regionalatlas Deutschland;JAHR;Jahr;2019;KREISE;Kreise und kreisfreie Städte;05958;      Hochsauerlandkreis;25126
99910;Regionalatlas Deutschland;JAHR;Jahr;2019;KREISE;Kreise und kreisfreie Städte;05962;      Märkischer Kreis;24351
99910;Regionalatlas Deutschland;JAHR;Jahr;2019;KREISE;Kreise und kreisfreie Städte;05966;      Olpe, Kreis;26679
99910;Regionalatlas Deutschland;JAHR;Jahr;2019;KREISE;Kreise und kreisfreie Städte;05970;      Siegen-Wittgenstein, Kreis;24230
99910;Regionalatlas Deutschland;JAHR;Jahr;2019;KREISE;Kreise und kreisfreie Städte;05974;      Soest, Kreis;23616
99910;Regionalatlas Deutschland;JAHR;Jahr;2019;KREISE;Kreise und kreisfreie Städte;05978;      Unna, Kreis;21956
99910;Regionalatlas Deutschland;JAHR;Jahr;2019;KREISE;Kreise und kreisfreie Städte;06;  Hessen;24248
99910;Regionalatlas Deutschland;JAHR;Jahr;2019;KREISE;Kreise und kreisfreie Städte;064;    Darmstadt, Regierungsbezirk;25208
99910;Regionalatlas Deutschland;JAHR;Jahr;2019;KREISE;Kreise und kreisfreie Städte;06411;      Darmstadt, kreisfreie Stadt, Wissenschaftsstadt;23450
99910;Regionalatlas Deutschland;JAHR;Jahr;2019;KREISE;Kreise und kreisfreie Städte;06412;      Frankfurt am Main, kreisfreie Stadt;24207
99910;Regionalatlas Deutschland;JAHR;Jahr;2019;KREISE;Kreise und kreisfreie Städte;06413;      Offenbach am Main, kreisfreie Stadt;19790
99910;Regionalatlas Deutschland;JAHR;Jahr;2019;KREISE;Kreise und kreisfreie Städte;06414;      Wiesbaden, kreisfreie Stadt, Landeshauptstadt;25132
99910;Regionalatlas Deutschland;JAHR;Jahr;2019;KREISE;Kreise und kreisfreie Städte;06431;      Bergstraße, Landkreis;25251
99910;Regionalatlas Deutschland;JAHR;Jahr;2019;KREISE;Kreise und kreisfreie Städte;06432;      Darmstadt-Dieburg, Landkreis;25447
99910;Regionalatlas Deutschland;JAHR;Jahr;2019;KREISE;Kreise und kreisfreie Städte;06433;      Groß-Gerau, Landkreis;22437
99910;Regionalatlas Deutschland;JAHR;Jahr;2019;KREISE;Kreise und kreisfreie Städte;06434;      Hochtaunuskreis;32434
99910;Regionalatlas Deutschland;JAHR;Jahr;2019;KREISE;Kreise und kreisfreie Städte;06435;      Main-Kinzig-Kreis;24982
99910;Regionalatlas Deutschland;JAHR;Jahr;2019;KREISE;Kreise und kreisfreie Städte;06436;      Main-Taunus-Kreis;28897
99910;Regionalatlas Deutschland;JAHR;Jahr;2019;KREISE;Kreise und kreisfreie Städte;06437;      Odenwaldkreis;22726
99910;Regionalatlas Deutschland;JAHR;Jahr;2019;KREISE;Kreise und kreisfreie Städte;06438;      Offenbach, Landkreis;25126
99910;Regionalatlas Deutschland;JAHR;Jahr;2019;KREISE;Kreise und kreisfreie Städte;06439;      Rheingau-Taunus-Kreis;26461
99910;Regionalatlas Deutschland;JAHR;Jahr;2019;KREISE;Kreise und kreisfreie Städte;06440;      Wetteraukreis;25156
99910;Regionalatlas Deutschland;JAHR;Jahr;2019;KREISE;Kreise und kreisfreie Städte;065;    Gießen, Regierungsbezirk;22541
99910;Regionalatlas Deutschland;JAHR;Jahr;2019;KREISE;Kreise und kreisfreie Städte;06531;      Gießen, Landkreis;21609
99910;Regionalatlas Deutschland;JAHR;Jahr;2019;KREISE;Kreise und kreisfreie Städte;06532;      Lahn-Dill-Kreis;23294
99910;Regionalatlas Deutschland;JAHR;Jahr;2019;KREISE;Kreise und kreisfreie Städte;06533;      Limburg-Weilburg, Landkreis;23502
99910;Regionalatlas Deutschland;JAHR;Jahr;2019;KREISE;Kreise und kreisfreie Städte;06534;      Marburg-Biedenkopf, Landkreis;22065
99910;Regionalatlas Deutschland;JAHR;Jahr;2019;KREISE;Kreise und kreisfreie Städte;06535;      Vogelsbergkreis;22658
99910;Regionalatlas Deutschland;JAHR;Jahr;2019;KREISE;Kreise und kreisfreie Städte;066;    Kassel, Regierungsbezirk;22555
99910;Regionalatlas Deutschland;JAHR;Jahr;2019;KREISE;Kreise und kreisfreie Städte;06611;      Kassel, kreisfreie Stadt, documenta-Stadt;20365
99910;Regionalatlas Deutschland;JAHR;Jahr;2019;KREISE;Kreise und kreisfreie Städte;06631;      Fulda, Landkreis;23528
99910;Regionalatlas Deutschland;JAHR;Jahr;2019;KREISE;Kreise und kreisfreie Städte;06632;      Hersfeld-Rotenburg, Landkreis;22454
99910;Regionalatlas Deutschland;JAHR;Jahr;2019;KREISE;Kreise und kreisfreie Städte;06633;      Kassel, Landkreis;23479
99910;Regionalatlas Deutschland;JAHR;Jahr;2019;KREISE;Kreise und kreisfreie Städte;06634;      Schwalm-Eder-Kreis;22858
99910;Regionalatlas Deutschland;JAHR;Jahr;2019;KREISE;Kreise und kreisfreie Städte;06635;      Waldeck-Frankenberg, Landkreis;23124
99910;Regionalatlas Deutschland;JAHR;Jahr;2019;KREISE;Kreise und kreisfreie Städte;06636;      Werra-Meißner-Kreis;21319
99910;Regionalatlas Deutschland;JAHR;Jahr;2019;KREISE;Kreise und kreisfreie Städte;07;  Rheinland-Pfalz;23405
99910;Regionalatlas Deutschland;JAHR;Jahr;2019;KREISE;Kreise und kreisfreie Städte;071;    Koblenz, Statistische Region;23243
99910;Regionalatlas Deutschland;JAHR;Jahr;2019;KREISE;Kreise und kreisfreie Städte;07111;      Koblenz, kreisfreie Stadt;21630
99910;Regionalatlas Deutschland;JAHR;Jahr;2019;KREISE;Kreise und kreisfreie Städte;07131;      Ahrweiler, Landkreis;24102
99910;Regionalatlas Deutschland;JAHR;Jahr;2019;KREISE;Kreise und kreisfreie Städte;07132;      Altenkirchen (Westerwald), Landkreis;22622
99910;Regionalatlas Deutschland;JAHR;Jahr;2019;KREISE;Kreise und kreisfreie Städte;07133;      Bad Kreuznach, Landkreis;22574
99910;Regionalatlas Deutschland;JAHR;Jahr;2019;KREISE;Kreise und kreisfreie Städte;07134;      Birkenfeld, Landkreis;22159
99910;Regionalatlas Deutschland;JAHR;Jahr;2019;KREISE;Kreise und kreisfreie Städte;07135;      Cochem-Zell, Landkreis;23076
99910;Regionalatlas Deutschland;JAHR;Jahr;2019;KREISE;Kreise und kreisfreie Städte;07137;      Mayen-Koblenz, Landkreis;22992
99910;Regionalatlas Deutschland;JAHR;Jahr;2019;KREISE;Kreise und kreisfreie Städte;07138;      Neuwied, Landkreis;23678
99910;Regionalatlas Deutschland;JAHR;Jahr;2019;KREISE;Kreise und kreisfreie Städte;07140;      Rhein-Hunsrück-Kreis;24428
99910;Regionalatlas Deutschland;JAHR;Jahr;2019;KREISE;Kreise und kreisfreie Städte;07141;      Rhein-Lahn-Kreis;22707
99910;Regionalatlas Deutschland;JAHR;Jahr;2019;KREISE;Kreise und kreisfreie Städte;07143;      Westerwaldkreis;24601
99910;Regionalatlas Deutschland;JAHR;Jahr;2019;KREISE;Kreise und kreisfreie Städte;072;    Trier, Statistische Region;22927
99910;Regionalatlas Deutschland;JAHR;Jahr;2019;KREISE;Kreise und kreisfreie Städte;07211;      Trier, kreisfreie Stadt;21546
99910;Regionalatlas Deutschland;JAHR;Jahr;2019;KREISE;Kreise und kreisfreie Städte;07231;      Bernkastel-Wittlich, Landkreis;23272
99910;Regionalatlas Deutschland;JAHR;Jahr;2019;KREISE;Kreise und kreisfreie Städte;07232;      Eifelkreis Bitburg-Prüm;22609
99910;Regionalatlas Deutschland;JAHR;Jahr;2019;KREISE;Kreise und kreisfreie Städte;07233;      Vulkaneifel, Landkreis;22925
99910;Regionalatlas Deutschland;JAHR;Jahr;2019;KREISE;Kreise und kreisfreie Städte;07235;      Trier-Saarburg, Landkreis;23909
99910;Regionalatlas Deutschland;JAHR;Jahr;2019;KREISE;Kreise und kreisfreie Städte;073;    Rheinhessen-Pfalz, Statistische Region;23645
99910;Regionalatlas Deutschland;JAHR;Jahr;2019;KREISE;Kreise und kreisfreie Städte;07311;      Frankenthal (Pfalz), kreisfreie Stadt;22429
99910;Regionalatlas Deutschland;JAHR;Jahr;2019;KREISE;Kreise und kreisfreie Städte;07312;      Kaiserslautern, kreisfreie Stadt;19872
99910;Regionalatlas Deutschland;JAHR;Jahr;2019;KREISE;Kreise und kreisfreie Städte;07313;      Landau in der Pfalz, kreisfreie Stadt;22013
99910;Regionalatlas Deutschland;JAHR;Jahr;2019;KREISE;Kreise und kreisfreie Städte;07314;      Ludwigshafen am Rhein, kreisfreie Stadt;19877
99910;Regionalatlas Deutschland;JAHR;Jahr;2019;KREISE;Kreise und kreisfreie Städte;07315;      Mainz, kreisfreie Stadt;22994
99910;Regionalatlas Deutschland;JAHR;Jahr;2019;KREISE;Kreise und kreisfreie Städte;07316;      Neustadt an der Weinstraße, kreisfreie Stadt;26900
99910;Regionalatlas Deutschland;JAHR;Jahr;2019;KREISE;Kreise und kreisfreie Städte;07317;      Pirmasens, kreisfreie Stadt;20268
99910;Regionalatlas Deutschland;JAHR;Jahr;2019;KREISE;Kreise und kreisfreie Städte;07318;      Speyer, kreisfreie Stadt;24936
99910;Regionalatlas Deutschland;JAHR;Jahr;2019;KREISE;Kreise und kreisfreie Städte;07319;      Worms, kreisfreie Stadt;22281
99910;Regionalatlas Deutschland;JAHR;Jahr;2019;KREISE;Kreise und kreisfreie Städte;07320;      Zweibrücken, kreisfreie Stadt;20942
99910;Regionalatlas Deutschland;JAHR;Jahr;2019;KREISE;Kreise und kreisfreie Städte;07331;      Alzey-Worms, Landkreis;23726
99910;Regionalatlas Deutschland;JAHR;Jahr;2019;KREISE;Kreise und kreisfreie Städte;07332;      Bad Dürkheim, Landkreis;27069
99910;Regionalatlas Deutschland;JAHR;Jahr;2019;KREISE;Kreise und kreisfreie Städte;07333;      Donnersbergkreis;22548
99910;Regionalatlas Deutschland;JAHR;Jahr;2019;KREISE;Kreise und kreisfreie Städte;07334;      Germersheim, Landkreis;24083
99910;Regionalatlas Deutschland;JAHR;Jahr;2019;KREISE;Kreise und kreisfreie Städte;07335;      Kaiserslautern, Landkreis;22101
99910;Regionalatlas Deutschland;JAHR;Jahr;2019;KREISE;Kreise und kreisfreie Städte;07336;      Kusel, Landkreis;21992
99910;Regionalatlas Deutschland;JAHR;Jahr;2019;KREISE;Kreise und kreisfreie Städte;07337;      Südliche Weinstraße, Landkreis;24979
99910;Regionalatlas Deutschland;JAHR;Jahr;2019;KREISE;Kreise und kreisfreie Städte;07338;      Rhein-Pfalz-Kreis;27213
99910;Regionalatlas Deutschland;JAHR;Jahr;2019;KREISE;Kreise und kreisfreie Städte;07339;      Mainz-Bingen, Landkreis;26173
99910;Regionalatlas Deutschland;JAHR;Jahr;2019;KREISE;Kreise und kreisfreie Städte;07340;      Südwestpfalz, Landkreis;23804
99910;Regionalatlas Deutschland;JAHR;Jahr;2019;KREISE;Kreise und kreisfreie Städte;08;  Baden-Württemberg;25493
99910;Regionalatlas Deutschland;JAHR;Jahr;2019;KREISE;Kreise und kreisfreie Städte;081;    Stuttgart, Regierungsbezirk;26077
99910;Regionalatlas Deutschland;JAHR;Jahr;2019;KREISE;Kreise und kreisfreie Städte;08111;      Stuttgart, Stadtkreis;26125
99910;Regionalatlas Deutschland;JAHR;Jahr;2019;KREISE;Kreise und kreisfreie Städte;08115;      Böblingen, Landkreis;26594
99910;Regionalatlas Deutschland;JAHR;Jahr;2019;KREISE;Kreise und kreisfreie Städte;08116;      Esslingen, Landkreis;26372
99910;Regionalatlas Deutschland;JAHR;Jahr;2019;KREISE;Kreise und kreisfreie Städte;08117;      Göppingen, Landkreis;25261
99910;Regionalatlas Deutschland;JAHR;Jahr;2019;KREISE;Kreise und kreisfreie Städte;08118;      Ludwigsburg, Landkreis;26921
99910;Regionalatlas Deutschland;JAHR;Jahr;2019;KREISE;Kreise und kreisfreie Städte;08119;      Rems-Murr-Kreis, Landkreis;26101
99910;Regionalatlas Deutschland;JAHR;Jahr;2019;KREISE;Kreise und kreisfreie Städte;08121;      Heilbronn, Stadtkreis;29438
99910;Regionalatlas Deutschland;JAHR;Jahr;2019;KREISE;Kreise und kreisfreie Städte;08125;      Heilbronn, Landkreis;25809
99910;Regionalatlas Deutschland;JAHR;Jahr;2019;KREISE;Kreise und kreisfreie Städte;08126;      Hohenlohekreis, Landkreis;25655
99910;Regionalatlas Deutschland;JAHR;Jahr;2019;KREISE;Kreise und kreisfreie Städte;08127;      Schwäbisch Hall, Landkreis;24693
99910;Regionalatlas Deutschland;JAHR;Jahr;2019;KREISE;Kreise und kreisfreie Städte;08128;      Main-Tauber-Kreis, Landkreis;24229
99910;Regionalatlas Deutschland;JAHR;Jahr;2019;KREISE;Kreise und kreisfreie Städte;08135;      Heidenheim, Landkreis;23885
99910;Regionalatlas Deutschland;JAHR;Jahr;2019;KREISE;Kreise und kreisfreie Städte;08136;      Ostalbkreis, Landkreis;25667
99910;Regionalatlas Deutschland;JAHR;Jahr;2019;KREISE;Kreise und kreisfreie Städte;082;    Karlsruhe, Regierungsbezirk;24776
99910;Regionalatlas Deutschland;JAHR;Jahr;2019;KREISE;Kreise und kreisfreie Städte;08211;      Baden-Baden, Stadtkreis;31316
99910;Regionalatlas Deutschland;JAHR;Jahr;2019;KREISE;Kreise und kreisfreie Städte;08212;      Karlsruhe, Stadtkreis;23053
99910;Regionalatlas Deutschland;JAHR;Jahr;2019;KREISE;Kreise und kreisfreie Städte;08215;      Karlsruhe, Landkreis;25023
99910;Regionalatlas Deutschland;JAHR;Jahr;2019;KREISE;Kreise und kreisfreie Städte;08216;      Rastatt, Landkreis;24661
99910;Regionalatlas Deutschland;JAHR;Jahr;2019;KREISE;Kreise und kreisfreie Städte;08221;      Heidelberg, Stadtkreis;23961
99910;Regionalatlas Deutschland;JAHR;Jahr;2019;KREISE;Kreise und kreisfreie Städte;08222;      Mannheim, Stadtkreis;22488
99910;Regionalatlas Deutschland;JAHR;Jahr;2019;KREISE;Kreise und kreisfreie Städte;08225;      Neckar-Odenwald-Kreis, Landkreis;23344
99910;Regionalatlas Deutschland;JAHR;Jahr;2019;KREISE;Kreise und kreisfreie Städte;08226;      Rhein-Neckar-Kreis, Landkreis;26184
99910;Regionalatlas Deutschland;JAHR;Jahr;2019;KREISE;Kreise und kreisfreie Städte;08231;      Pforzheim, Stadtkreis;23358
99910;Regionalatlas Deutschland;JAHR;Jahr;2019;KREISE;Kreise und kreisfreie Städte;08235;      Calw, Landkreis;25116
99910;Regionalatlas Deutschland;JAHR;Jahr;2019;KREISE;Kreise und kreisfreie Städte;08236;      Enzkreis, Landkreis;26667
99910;Regionalatlas Deutschland;JAHR;Jahr;2019;KREISE;Kreise und kreisfreie Städte;08237;      Freudenstadt, Landkreis;25774
99910;Regionalatlas Deutschland;JAHR;Jahr;2019;KREISE;Kreise und kreisfreie Städte;083;    Freiburg, Regierungsbezirk;25329
99910;Regionalatlas Deutschland;JAHR;Jahr;2019;KREISE;Kreise und kreisfreie Städte;08311;      Freiburg im Breisgau, Stadtkreis;22653
99910;Regionalatlas Deutschland;JAHR;Jahr;2019;KREISE;Kreise und kreisfreie Städte;08315;      Breisgau-Hochschwarzwald, Landkreis;25729
99910;Regionalatlas Deutschland;JAHR;Jahr;2019;KREISE;Kreise und kreisfreie Städte;08316;      Emmendingen, Landkreis;24664
99910;Regionalatlas Deutschland;JAHR;Jahr;2019;KREISE;Kreise und kreisfreie Städte;08317;      Ortenaukreis, Landkreis;24532
99910;Regionalatlas Deutschland;JAHR;Jahr;2019;KREISE;Kreise und kreisfreie Städte;08325;      Rottweil, Landkreis;26174
99910;Regionalatlas Deutschland;JAHR;Jahr;2019;KREISE;Kreise und kreisfreie Städte;08326;      Schwarzwald-Baar-Kreis, Landkreis;25619
99910;Regionalatlas Deutschland;JAHR;Jahr;2019;KREISE;Kreise und kreisfreie Städte;08327;      Tuttlingen, Landkreis;27065
99910;Regionalatlas Deutschland;JAHR;Jahr;2019;KREISE;Kreise und kreisfreie Städte;08335;      Konstanz, Landkreis;25582
99910;Regionalatlas Deutschland;JAHR;Jahr;2019;KREISE;Kreise und kreisfreie Städte;08336;      Lörrach, Landkreis;27260
99910;Regionalatlas Deutschland;JAHR;Jahr;2019;KREISE;Kreise und kreisfreie Städte;08337;      Waldshut, Landkreis;25499
99910;Regionalatlas Deutschland;JAHR;Jahr;2019;KREISE;Kreise und kreisfreie Städte;084;    Tübingen, Regierungsbezirk;25472
99910;Regionalatlas Deutschland;JAHR;Jahr;2019;KREISE;Kreise und kreisfreie Städte;08415;      Reutlingen, Landkreis;25385
99910;Regionalatlas Deutschland;JAHR;Jahr;2019;KREISE;Kreise und kreisfreie Städte;08416;      Tübingen, Landkreis;24284
99910;Regionalatlas Deutschland;JAHR;Jahr;2019;KREISE;Kreise und kreisfreie Städte;08417;      Zollernalbkreis, Landkreis;26261
99910;Regionalatlas Deutschland;JAHR;Jahr;2019;KREISE;Kreise und kreisfreie Städte;08421;      Ulm, Stadtkreis;26665
99910;Regionalatlas Deutschland;JAHR;Jahr;2019;KREISE;Kreise und kreisfreie Städte;08425;      Alb-Donau-Kreis, Landkreis;25042
99910;Regionalatlas Deutschland;JAHR;Jahr;2019;KREISE;Kreise und kreisfreie Städte;08426;      Biberach, Landkreis;25431
99910;Regionalatlas Deutschland;JAHR;Jahr;2019;KREISE;Kreise und kreisfreie Städte;08435;      Bodenseekreis, Landkreis;27418
99910;Regionalatlas Deutschland;JAHR;Jahr;2019;KREISE;Kreise und kreisfreie Städte;08436;      Ravensburg, Landkreis;25013
99910;Regionalatlas Deutschland;JAHR;Jahr;2019;KREISE;Kreise und kreisfreie Städte;08437;      Sigmaringen, Landkreis;23918
99910;Regionalatlas Deutschland;JAHR;Jahr;2019;KREISE;Kreise und kreisfreie Städte;09;  Bayern;26079
99910;Regionalatlas Deutschland;JAHR;Jahr;2019;KREISE;Kreise und kreisfreie Städte;091;    Oberbayern, Regierungsbezirk;29138
99910;Regionalatlas Deutschland;JAHR;Jahr;2019;KREISE;Kreise und kreisfreie Städte;09161;      Ingolstadt, kreisfreie Stadt;24467
99910;Regionalatlas Deutschland;JAHR;Jahr;2019;KREISE;Kreise und kreisfreie Städte;09162;      München, kreisfreie Stadt;33026
99910;Regionalatlas Deutschland;JAHR;Jahr;2019;KREISE;Kreise und kreisfreie Städte;09163;      Rosenheim, kreisfreie Stadt;23440
99910;Regionalatlas Deutschland;JAHR;Jahr;2019;KREISE;Kreise und kreisfreie Städte;09171;      Altötting, Landkreis;24314
99910;Regionalatlas Deutschland;JAHR;Jahr;2019;KREISE;Kreise und kreisfreie Städte;09172;      Berchtesgadener Land, Landkreis;24242
99910;Regionalatlas Deutschland;JAHR;Jahr;2019;KREISE;Kreise und kreisfreie Städte;09173;      Bad Tölz-Wolfratshausen, Landkreis;27148
99910;Regionalatlas Deutschland;JAHR;Jahr;2019;KREISE;Kreise und kreisfreie Städte;09174;      Dachau, Landkreis;26586
99910;Regionalatlas Deutschland;JAHR;Jahr;2019;KREISE;Kreise und kreisfreie Städte;09175;      Ebersberg, Landkreis;28671
99910;Regionalatlas Deutschland;JAHR;Jahr;2019;KREISE;Kreise und kreisfreie Städte;09176;      Eichstätt, Landkreis;25196
99910;Regionalatlas Deutschland;JAHR;Jahr;2019;KREISE;Kreise und kreisfreie Städte;09177;      Erding, Landkreis;26348
99910;Regionalatlas Deutschland;JAHR;Jahr;2019;KREISE;Kreise und kreisfreie Städte;09178;      Freising, Landkreis;25431
99910;Regionalatlas Deutschland;JAHR;Jahr;2019;KREISE;Kreise und kreisfreie Städte;09179;      Fürstenfeldbruck, Landkreis;27234
99910;Regionalatlas Deutschland;JAHR;Jahr;2019;KREISE;Kreise und kreisfreie Städte;09180;      Garmisch-Partenkirchen, Landkreis;26013
99910;Regionalatlas Deutschland;JAHR;Jahr;2019;KREISE;Kreise und kreisfreie Städte;09181;      Landsberg am Lech, Landkreis;27292
99910;Regionalatlas Deutschland;JAHR;Jahr;2019;KREISE;Kreise und kreisfreie Städte;09182;      Miesbach, Landkreis;31492
99910;Regionalatlas Deutschland;JAHR;Jahr;2019;KREISE;Kreise und kreisfreie Städte;09183;      Mühldorf a.Inn, Landkreis;24731
99910;Regionalatlas Deutschland;JAHR;Jahr;2019;KREISE;Kreise und kreisfreie Städte;09184;      München, Landkreis;32819
99910;Regionalatlas Deutschland;JAHR;Jahr;2019;KREISE;Kreise und kreisfreie Städte;09185;      Neuburg-Schrobenhausen, Landkreis;24543
99910;Regionalatlas Deutschland;JAHR;Jahr;2019;KREISE;Kreise und kreisfreie Städte;09186;      Pfaffenhofen a.d.Ilm, Landkreis;26393
99910;Regionalatlas Deutschland;JAHR;Jahr;2019;KREISE;Kreise und kreisfreie Städte;09187;      Rosenheim, Landkreis;26382
99910;Regionalatlas Deutschland;JAHR;Jahr;2019;KREISE;Kreise und kreisfreie Städte;09188;      Starnberg, Landkreis;36546
99910;Regionalatlas Deutschland;JAHR;Jahr;2019;KREISE;Kreise und kreisfreie Städte;09189;      Traunstein, Landkreis;25634
99910;Regionalatlas Deutschland;JAHR;Jahr;2019;KREISE;Kreise und kreisfreie Städte;09190;      Weilheim-Schongau, Landkreis;26400
99910;Regionalatlas Deutschland;JAHR;Jahr;2019;KREISE;Kreise und kreisfreie Städte;092;    Niederbayern, Regierungsbezirk;24343
99910;Regionalatlas Deutschland;JAHR;Jahr;2019;KREISE;Kreise und kreisfreie Städte;09261;      Landshut, kreisfreie Stadt;26021
99910;Regionalatlas Deutschland;JAHR;Jahr;2019;KREISE;Kreise und kreisfreie Städte;09262;      Passau, kreisfreie Stadt;21778
99910;Regionalatlas Deutschland;JAHR;Jahr;2019;KREISE;Kreise und kreisfreie Städte;09263;      Straubing, kreisfreie Stadt;23852
99910;Regionalatlas Deutschland;JAHR;Jahr;2019;KREISE;Kreise und kreisfreie Städte;09271;      Deggendorf, Landkreis;24655
99910;Regionalatlas Deutschland;JAHR;Jahr;2019;KREISE;Kreise und kreisfreie Städte;09272;      Freyung-Grafenau, Landkreis;23107
99910;Regionalatlas Deutschland;JAHR;Jahr;2019;KREISE;Kreise und kreisfreie Städte;09273;      Kelheim, Landkreis;24684
99910;Regionalatlas Deutschland;JAHR;Jahr;2019;KREISE;Kreise und kreisfreie Städte;09274;      Landshut, Landkreis;25256
99910;Regionalatlas Deutschland;JAHR;Jahr;2019;KREISE;Kreise und kreisfreie Städte;09275;      Passau, Landkreis;23498
99910;Regionalatlas Deutschland;JAHR;Jahr;2019;KREISE;Kreise und kreisfreie Städte;09276;      Regen, Landkreis;23138
99910;Regionalatlas Deutschland;JAHR;Jahr;2019;KREISE;Kreise und kreisfreie Städte;09277;      Rottal-Inn, Landkreis;24650
99910;Regionalatlas Deutschland;JAHR;Jahr;2019;KREISE;Kreise und kreisfreie Städte;09278;      Straubing-Bogen, Landkreis;24570
99910;Regionalatlas Deutschland;JAHR;Jahr;2019;KREISE;Kreise und kreisfreie Städte;09279;      Dingolfing-Landau, Landkreis;25427
99910;Regionalatlas Deutschland;JAHR;Jahr;2019;KREISE;Kreise und kreisfreie Städte;093;    Oberpfalz, Regierungsbezirk;23918
99910;Regionalatlas Deutschland;JAHR;Jahr;2019;KREISE;Kreise und kreisfreie Städte;09361;      Amberg, kreisfreie Stadt;23172
99910;Regionalatlas Deutschland;JAHR;Jahr;2019;KREISE;Kreise und kreisfreie Städte;09362;      Regensburg, kreisfreie Stadt;23749
99910;Regionalatlas Deutschland;JAHR;Jahr;2019;KREISE;Kreise und kreisfreie Städte;09363;      Weiden i.d.OPf., kreisfreie Stadt;22484
99910;Regionalatlas Deutschland;JAHR;Jahr;2019;KREISE;Kreise und kreisfreie Städte;09371;      Amberg-Sulzbach, Landkreis;24038
99910;Regionalatlas Deutschland;JAHR;Jahr;2019;KREISE;Kreise und kreisfreie Städte;09372;      Cham, Landkreis;23560
99910;Regionalatlas Deutschland;JAHR;Jahr;2019;KREISE;Kreise und kreisfreie Städte;09373;      Neumarkt i.d.OPf., Landkreis;24923
99910;Regionalatlas Deutschland;JAHR;Jahr;2019;KREISE;Kreise und kreisfreie Städte;09374;      Neustadt a.d.Waldnaab, Landkreis;23054
99910;Regionalatlas Deutschland;JAHR;Jahr;2019;KREISE;Kreise und kreisfreie Städte;09375;      Regensburg, Landkreis;24944
99910;Regionalatlas Deutschland;JAHR;Jahr;2019;KREISE;Kreise und kreisfreie Städte;09376;      Schwandorf, Landkreis;23450
99910;Regionalatlas Deutschland;JAHR;Jahr;2019;KREISE;Kreise und kreisfreie Städte;09377;      Tirschenreuth, Landkreis;23484
99910;Regionalatlas Deutschland;JAHR;Jahr;2019;KREISE;Kreise und kreisfreie Städte;094;    Oberfranken, Regierungsbezirk;23649
99910;Regionalatlas Deutschland;JAHR;Jahr;2019;KREISE;Kreise und kreisfreie Städte;09461;      Bamberg, kreisfreie Stadt;23298
99910;Regionalatlas Deutschland;JAHR;Jahr;2019;KREISE;Kreise und kreisfreie Städte;09462;      Bayreuth, kreisfreie Stadt;21791
99910;Regionalatlas Deutschland;JAHR;Jahr;2019;KREISE;Kreise und kreisfreie Städte;09463;      Coburg, kreisfreie Stadt;25213
99910;Regionalatlas Deutschland;JAHR;Jahr;2019;KREISE;Kreise und kreisfreie Städte;09464;      Hof, kreisfreie Stadt;20825
99910;Regionalatlas Deutschland;JAHR;Jahr;2019;KREISE;Kreise und kreisfreie Städte;09471;      Bamberg, Landkreis;23794
99910;Regionalatlas Deutschland;JAHR;Jahr;2019;KREISE;Kreise und kreisfreie Städte;09472;      Bayreuth, Landkreis;23428
99910;Regionalatlas Deutschland;JAHR;Jahr;2019;KREISE;Kreise und kreisfreie Städte;09473;      Coburg, Landkreis;23959
99910;Regionalatlas Deutschland;JAHR;Jahr;2019;KREISE;Kreise und kreisfreie Städte;09474;      Forchheim, Landkreis;25135
99910;Regionalatlas Deutschland;JAHR;Jahr;2019;KREISE;Kreise und kreisfreie Städte;09475;      Hof, Landkreis;22701
99910;Regionalatlas Deutschland;JAHR;Jahr;2019;KREISE;Kreise und kreisfreie Städte;09476;      Kronach, Landkreis;23522
99910;Regionalatlas Deutschland;JAHR;Jahr;2019;KREISE;Kreise und kreisfreie Städte;09477;      Kulmbach, Landkreis;24575
99910;Regionalatlas Deutschland;JAHR;Jahr;2019;KREISE;Kreise und kreisfreie Städte;09478;      Lichtenfels, Landkreis;23372
99910;Regionalatlas Deutschland;JAHR;Jahr;2019;KREISE;Kreise und kreisfreie Städte;09479;      Wunsiedel i.Fichtelgebirge, Landkreis;24806
99910;Regionalatlas Deutschland;JAHR;Jahr;2019;KREISE;Kreise und kreisfreie Städte;095;    Mittelfranken, Regierungsbezirk;24687
99910;Regionalatlas Deutschland;JAHR;Jahr;2019;KREISE;Kreise und kreisfreie Städte;09561;      Ansbach, kreisfreie Stadt;22301
99910;Regionalatlas Deutschland;JAHR;Jahr;2019;KREISE;Kreise und kreisfreie Städte;09562;      Erlangen, kreisfreie Stadt;25347
99910;Regionalatlas Deutschland;JAHR;Jahr;2019;KREISE;Kreise und kreisfreie Städte;09563;      Fürth, kreisfreie Stadt;23924
99910;Regionalatlas Deutschland;JAHR;Jahr;2019;KREISE;Kreise und kreisfreie Städte;09564;      Nürnberg, kreisfreie Stadt;22880
99910;Regionalatlas Deutschland;JAHR;Jahr;2019;KREISE;Kreise und kreisfreie Städte;09565;      Schwabach, kreisfreie Stadt;27403
99910;Regionalatlas Deutschland;JAHR;Jahr;2019;KREISE;Kreise und kreisfreie Städte;09571;      Ansbach, Landkreis;24521
99910;Regionalatlas Deutschland;JAHR;Jahr;2019;KREISE;Kreise und kreisfreie Städte;09572;      Erlangen-Höchstadt, Landkreis;28371
99910;Regionalatlas Deutschland;JAHR;Jahr;2019;KREISE;Kreise und kreisfreie Städte;09573;      Fürth, Landkreis;26442
99910;Regionalatlas Deutschland;JAHR;Jahr;2019;KREISE;Kreise und kreisfreie Städte;09574;      Nürnberger Land, Landkreis;26644
99910;Regionalatlas Deutschland;JAHR;Jahr;2019;KREISE;Kreise und kreisfreie Städte;09575;      Neustadt a.d.Aisch-Bad Windsheim, Landkreis;24114
99910;Regionalatlas Deutschland;JAHR;Jahr;2019;KREISE;Kreise und kreisfreie Städte;09576;      Roth, Landkreis;25481
99910;Regionalatlas Deutschland;JAHR;Jahr;2019;KREISE;Kreise und kreisfreie Städte;09577;      Weißenburg-Gunzenhausen, Landkreis;23548
99910;Regionalatlas Deutschland;JAHR;Jahr;2019;KREISE;Kreise und kreisfreie Städte;096;    Unterfranken, Regierungsbezirk;24162
99910;Regionalatlas Deutschland;JAHR;Jahr;2019;KREISE;Kreise und kreisfreie Städte;09661;      Aschaffenburg, kreisfreie Stadt;24945
99910;Regionalatlas Deutschland;JAHR;Jahr;2019;KREISE;Kreise und kreisfreie Städte;09662;      Schweinfurt, kreisfreie Stadt;22155
99910;Regionalatlas Deutschland;JAHR;Jahr;2019;KREISE;Kreise und kreisfreie Städte;09663;      Würzburg, kreisfreie Stadt;24042
99910;Regionalatlas Deutschland;JAHR;Jahr;2019;KREISE;Kreise und kreisfreie Städte;09671;      Aschaffenburg, Landkreis;25314
99910;Regionalatlas Deutschland;JAHR;Jahr;2019;KREISE;Kreise und kreisfreie Städte;09672;      Bad Kissingen, Landkreis;24223
99910;Regionalatlas Deutschland;JAHR;Jahr;2019;KREISE;Kreise und kreisfreie Städte;09673;      Rhön-Grabfeld, Landkreis;23729
99910;Regionalatlas Deutschland;JAHR;Jahr;2019;KREISE;Kreise und kreisfreie Städte;09674;      Haßberge, Landkreis;23162
99910;Regionalatlas Deutschland;JAHR;Jahr;2019;KREISE;Kreise und kreisfreie Städte;09675;      Kitzingen, Landkreis;24397
99910;Regionalatlas Deutschland;JAHR;Jahr;2019;KREISE;Kreise und kreisfreie Städte;09676;      Miltenberg, Landkreis;23818
99910;Regionalatlas Deutschland;JAHR;Jahr;2019;KREISE;Kreise und kreisfreie Städte;09677;      Main-Spessart, Landkreis;24222
99910;Regionalatlas Deutschland;JAHR;Jahr;2019;KREISE;Kreise und kreisfreie Städte;09678;      Schweinfurt, Landkreis;23561
99910;Regionalatlas Deutschland;JAHR;Jahr;2019;KREISE;Kreise und kreisfreie Städte;09679;      Würzburg, Landkreis;24560
99910;Regionalatlas Deutschland;JAHR;Jahr;2019;KREISE;Kreise und kreisfreie Städte;097;    Schwaben, Regierungsbezirk;24899
99910;Regionalatlas Deutschland;JAHR;Jahr;2019;KREISE;Kreise und kreisfreie Städte;09761;      Augsburg, kreisfreie Stadt;21046
99910;Regionalatlas Deutschland;JAHR;Jahr;2019;KREISE;Kreise und kreisfreie Städte;09762;      Kaufbeuren, kreisfreie Stadt;24234
99910;Regionalatlas Deutschland;JAHR;Jahr;2019;KREISE;Kreise und kreisfreie Städte;09763;      Kempten (Allgäu), kreisfreie Stadt;23166
99910;Regionalatlas Deutschland;JAHR;Jahr;2019;KREISE;Kreise und kreisfreie Städte;09764;      Memmingen, kreisfreie Stadt;26973
99910;Regionalatlas Deutschland;JAHR;Jahr;2019;KREISE;Kreise und kreisfreie Städte;09771;      Aichach-Friedberg, Landkreis;26475
99910;Regionalatlas Deutschland;JAHR;Jahr;2019;KREISE;Kreise und kreisfreie Städte;09772;      Augsburg, Landkreis;25710
99910;Regionalatlas Deutschland;JAHR;Jahr;2019;KREISE;Kreise und kreisfreie Städte;09773;      Dillingen a.d.Donau, Landkreis;25717
99910;Regionalatlas Deutschland;JAHR;Jahr;2019;KREISE;Kreise und kreisfreie Städte;09774;      Günzburg, Landkreis;25434
99910;Regionalatlas Deutschland;JAHR;Jahr;2019;KREISE;Kreise und kreisfreie Städte;09775;      Neu-Ulm, Landkreis;25106
99910;Regionalatlas Deutschland;JAHR;Jahr;2019;KREISE;Kreise und kreisfreie Städte;09776;      Lindau (Bodensee), Landkreis;26269
99910;Regionalatlas Deutschland;JAHR;Jahr;2019;KREISE;Kreise und kreisfreie Städte;09777;      Ostallgäu, Landkreis;25033
99910;Regionalatlas Deutschland;JAHR;Jahr;2019;KREISE;Kreise und kreisfreie Städte;09778;      Unterallgäu, Landkreis;25966
99910;Regionalatlas Deutschland;JAHR;Jahr;2019;KREISE;Kreise und kreisfreie Städte;09779;      Donau-Ries, Landkreis;26021
99910;Regionalatlas Deutschland;JAHR;Jahr;2019;KREISE;Kreise und kreisfreie Städte;09780;      Oberallgäu, Landkreis;25954
99910;Regionalatlas Deutschland;JAHR;Jahr;2019;KREISE;Kreise und kreisfreie Städte;10;  Saarland;21635
99910;Regionalatlas Deutschland;JAHR;Jahr;2019;KREISE;Kreise und kreisfreie Städte;10041;      Saarbrücken, Regionalverband;21138
99910;Regionalatlas Deutschland;JAHR;Jahr;2019;KREISE;Kreise und kreisfreie Städte;10041100;      Saarbrücken, Landeshauptstadt;.
99910;Regionalatlas Deutschland;JAHR;Jahr;2019;KREISE;Kreise und kreisfreie Städte;10042;      Merzig-Wadern, Landkreis;19975
99910;Regionalatlas Deutschland;JAHR;Jahr;2019;KREISE;Kreise und kreisfreie Städte;10043;      Neunkirchen, Landkreis;20786
99910;Regionalatlas Deutschland;JAHR;Jahr;2019;KREISE;Kreise und kreisfreie Städte;10044;      Saarlouis, Landkreis;22117
99910;Regionalatlas Deutschland;JAHR;Jahr;2019;KREISE;Kreise und kreisfreie Städte;10045;      Saarpfalz-Kreis;23319
99910;Regionalatlas Deutschland;JAHR;Jahr;2019;KREISE;Kreise und kreisfreie Städte;10046;      St. Wendel, Landkreis;22933
99910;Regionalatlas Deutschland;JAHR;Jahr;2019;KREISE;Kreise und kreisfreie Städte;11;  Berlin;21502
99910;Regionalatlas Deutschland;JAHR;Jahr;2019;KREISE;Kreise und kreisfreie Städte;11001001;      Berlin-Mitte;.
99910;Regionalatlas Deutschland;JAHR;Jahr;2019;KREISE;Kreise und kreisfreie Städte;11002002;      Berlin-Friedrichshain-Kreuzberg;.
99910;Regionalatlas Deutschland;JAHR;Jahr;2019;KREISE;Kreise und kreisfreie Städte;11003003;      Berlin-Pankow;.
99910;Regionalatlas Deutschland;JAHR;Jahr;2019;KREISE;Kreise und kreisfreie Städte;11004004;      Berlin-Charlottenburg-Wilmersdorf;.
99910;Regionalatlas Deutschland;JAHR;Jahr;2019;KREISE;Kreise und kreisfreie Städte;11005005;      Berlin-Spandau;.
99910;Regionalatlas Deutschland;JAHR;Jahr;2019;KREISE;Kreise und kreisfreie Städte;11006006;      Berlin-Steglitz-Zehlendorf;.
99910;Regionalatlas Deutschland;JAHR;Jahr;2019;KREISE;Kreise und kreisfreie Städte;11007007;      Berlin-Tempelhof-Schöneberg;.
99910;Regionalatlas Deutschland;JAHR;Jahr;2019;KREISE;Kreise und kreisfreie Städte;11008008;      Berlin-Neukölln;.
99910;Regionalatlas Deutschland;JAHR;Jahr;2019;KREISE;Kreise und kreisfreie Städte;11009009;      Berlin-Treptow-Köpenick;.
99910;Regionalatlas Deutschland;JAHR;Jahr;2019;KREISE;Kreise und kreisfreie Städte;11010010;      Berlin-Marzahn-Hellersdorf;.
99910;Regionalatlas Deutschland;JAHR;Jahr;2019;KREISE;Kreise und kreisfreie Städte;11011011;      Berlin-Lichtenberg;.
99910;Regionalatlas Deutschland;JAHR;Jahr;2019;KREISE;Kreise und kreisfreie Städte;11012012;      Berlin-Reinickendorf;.
99910;Regionalatlas Deutschland;JAHR;Jahr;2019;KREISE;Kreise und kreisfreie Städte;12;  Brandenburg;21713
99910;Regionalatlas Deutschland;JAHR;Jahr;2019;KREISE;Kreise und kreisfreie Städte;12051;      Brandenburg an der Havel, kreisfreie Stadt;19546
99910;Regionalatlas Deutschland;JAHR;Jahr;2019;KREISE;Kreise und kreisfreie Städte;12052;      Cottbus, kreisfreie Stadt;20040
99910;Regionalatlas Deutschland;JAHR;Jahr;2019;KREISE;Kreise und kreisfreie Städte;12053;      Frankfurt (Oder), kreisfreie Stadt;19000
99910;Regionalatlas Deutschland;JAHR;Jahr;2019;KREISE;Kreise und kreisfreie Städte;12054;      Potsdam, kreisfreie Stadt;21918
99910;Regionalatlas Deutschland;JAHR;Jahr;2019;KREISE;Kreise und kreisfreie Städte;12060;      Barnim, Landkreis;22153
99910;Regionalatlas Deutschland;JAHR;Jahr;2019;KREISE;Kreise und kreisfreie Städte;12061;      Dahme-Spreewald, Landkreis;22779
99910;Regionalatlas Deutschland;JAHR;Jahr;2019;KREISE;Kreise und kreisfreie Städte;12062;      Elbe-Elster, Landkreis;20208
99910;Regionalatlas Deutschland;JAHR;Jahr;2019;KREISE;Kreise und kreisfreie Städte;12063;      Havelland, Landkreis;22044
99910;Regionalatlas Deutschland;JAHR;Jahr;2019;KREISE;Kreise und kreisfreie Städte;12064;      Märkisch-Oderland, Landkreis;21931
99910;Regionalatlas Deutschland;JAHR;Jahr;2019;KREISE;Kreise und kreisfreie Städte;12065;      Oberhavel, Landkreis;22817
99910;Regionalatlas Deutschland;JAHR;Jahr;2019;KREISE;Kreise und kreisfreie Städte;12066;      Oberspreewald-Lausitz, Landkreis;20858
99910;Regionalatlas Deutschland;JAHR;Jahr;2019;KREISE;Kreise und kreisfreie Städte;12067;      Oder-Spree, Landkreis;21886
99910;Regionalatlas Deutschland;JAHR;Jahr;2019;KREISE;Kreise und kreisfreie Städte;12068;      Ostprignitz-Ruppin, Landkreis;20379
99910;Regionalatlas Deutschland;JAHR;Jahr;2019;KREISE;Kreise und kreisfreie Städte;12069;      Potsdam-Mittelmark, Landkreis;24316
99910;Regionalatlas Deutschland;JAHR;Jahr;2019;KREISE;Kreise und kreisfreie Städte;12070;      Prignitz, Landkreis;20609
99910;Regionalatlas Deutschland;JAHR;Jahr;2019;KREISE;Kreise und kreisfreie Städte;12071;      Spree-Neiße, Landkreis;21348
99910;Regionalatlas Deutschland;JAHR;Jahr;2019;KREISE;Kreise und kreisfreie Städte;12072;      Teltow-Fläming, Landkreis;21693
99910;Regionalatlas Deutschland;JAHR;Jahr;2019;KREISE;Kreise und kreisfreie Städte;12073;      Uckermark, Landkreis;19779
99910;Regionalatlas Deutschland;JAHR;Jahr;2019;KREISE;Kreise und kreisfreie Städte;13;  Mecklenburg-Vorpommern;20812
99910;Regionalatlas Deutschland;JAHR;Jahr;2019;KREISE;Kreise und kreisfreie Städte;13001;      Greifswald, Hansestadt, kreisfreie Stadt;-
99910;Regionalatlas Deutschland;JAHR;Jahr;2019;KREISE;Kreise und kreisfreie Städte;13002;      Neubrandenburg, Stadt,  kreisfreie Stadt;-
99910;Regionalatlas Deutschland;JAHR;Jahr;2019;KREISE;Kreise und kreisfreie Städte;13003;      Rostock, kreisfreie Stadt;20129
99910;Regionalatlas Deutschland;JAHR;Jahr;2019;KREISE;Kreise und kreisfreie Städte;13004;      Schwerin, kreisfreie Stadt;20710
99910;Regionalatlas Deutschland;JAHR;Jahr;2019;KREISE;Kreise und kreisfreie Städte;13005;      Stralsund, Hansestadt,  kreisfreie Stadt;-
99910;Regionalatlas Deutschland;JAHR;Jahr;2019;KREISE;Kreise und kreisfreie Städte;13006;      Wismar, Hansestadt,  kreisfreie Stadt;-
99910;Regionalatlas Deutschland;JAHR;Jahr;2019;KREISE;Kreise und kreisfreie Städte;13051;      Bad Doberan, Landkreis;-
99910;Regionalatlas Deutschland;JAHR;Jahr;2019;KREISE;Kreise und kreisfreie Städte;13052;      Landkreis Demmin;-
99910;Regionalatlas Deutschland;JAHR;Jahr;2019;KREISE;Kreise und kreisfreie Städte;13053;      Güstrow, Landkreis;-
99910;Regionalatlas Deutschland;JAHR;Jahr;2019;KREISE;Kreise und kreisfreie Städte;13054;      Landkreis Ludwigslust;-
99910;Regionalatlas Deutschland;JAHR;Jahr;2019;KREISE;Kreise und kreisfreie Städte;13055;      Mecklenburg-Strelitz, Landkreis;-
99910;Regionalatlas Deutschland;JAHR;Jahr;2019;KREISE;Kreise und kreisfreie Städte;13056;      Landkreis Müritz;-
99910;Regionalatlas Deutschland;JAHR;Jahr;2019;KREISE;Kreise und kreisfreie Städte;13057;      Nordvorpommern, Landkreis;-
99910;Regionalatlas Deutschland;JAHR;Jahr;2019;KREISE;Kreise und kreisfreie Städte;13058;      Landkreis Nordwestmecklenburg;-
99910;Regionalatlas Deutschland;JAHR;Jahr;2019;KREISE;Kreise und kreisfreie Städte;13059;      Ostvorpommern, Landkreis;-
99910;Regionalatlas Deutschland;JAHR;Jahr;2019;KREISE;Kreise und kreisfreie Städte;13060;      Landkreis Parchim;-
99910;Regionalatlas Deutschland;JAHR;Jahr;2019;KREISE;Kreise und kreisfreie Städte;13061;      Rügen, Landkreis;-
99910;Regionalatlas Deutschland;JAHR;Jahr;2019;KREISE;Kreise und kreisfreie Städte;13062;      Landkreis Uecker-Randow;-
99910;Regionalatlas Deutschland;JAHR;Jahr;2019;KREISE;Kreise und kreisfreie Städte;13071;      Mecklenburgische Seenplatte, Landkreis;20497
99910;Regionalatlas Deutschland;JAHR;Jahr;2019;KREISE;Kreise und kreisfreie Städte;13072;      Landkreis Rostock;21911
99910;Regionalatlas Deutschland;JAHR;Jahr;2019;KREISE;Kreise und kreisfreie Städte;13073;      Vorpommern-Rügen, Landkreis;20951
99910;Regionalatlas Deutschland;JAHR;Jahr;2019;KREISE;Kreise und kreisfreie Städte;13074;      Nordwestmecklenburg, Landkreis;21164
99910;Regionalatlas Deutschland;JAHR;Jahr;2019;KREISE;Kreise und kreisfreie Städte;13075;      Vorpommern-Greifswald, Landkreis;19667
99910;Regionalatlas Deutschland;JAHR;Jahr;2019;KREISE;Kreise und kreisfreie Städte;13076;      Ludwigslust-Parchim, Landkreis;21663
99910;Regionalatlas Deutschland;JAHR;Jahr;2019;KREISE;Kreise und kreisfreie Städte;14;  Sachsen;21163
99910;Regionalatlas Deutschland;JAHR;Jahr;2019;KREISE;Kreise und kreisfreie Städte;141;    Chemnitz, Regierungsbezirk;-
99910;Regionalatlas Deutschland;JAHR;Jahr;2019;KREISE;Kreise und kreisfreie Städte;14161;      Chemnitz, kreisfreie Stadt;-
99910;Regionalatlas Deutschland;JAHR;Jahr;2019;KREISE;Kreise und kreisfreie Städte;14166;      Plauen, kreisfreie Stadt;-
99910;Regionalatlas Deutschland;JAHR;Jahr;2019;KREISE;Kreise und kreisfreie Städte;14167;      Zwickau, kreisfreie Stadt;-
99910;Regionalatlas Deutschland;JAHR;Jahr;2019;KREISE;Kreise und kreisfreie Städte;14171;      Annaberg, Landkreis;-
99910;Regionalatlas Deutschland;JAHR;Jahr;2019;KREISE;Kreise und kreisfreie Städte;14173;      Chemnitzer Land, Landkreis;-
99910;Regionalatlas Deutschland;JAHR;Jahr;2019;KREISE;Kreise und kreisfreie Städte;14177;      Freiberg, Landkreis;-
99910;Regionalatlas Deutschland;JAHR;Jahr;2019;KREISE;Kreise und kreisfreie Städte;14178;      Vogtlandkreis;-
99910;Regionalatlas Deutschland;JAHR;Jahr;2019;KREISE;Kreise und kreisfreie Städte;14181;      Mittlerer Erzgebirgskreis;-
99910;Regionalatlas Deutschland;JAHR;Jahr;2019;KREISE;Kreise und kreisfreie Städte;14182;      Mittweida, Landkreis;-
99910;Regionalatlas Deutschland;JAHR;Jahr;2019;KREISE;Kreise und kreisfreie Städte;14188;      Stollberg, Landkreis;-
99910;Regionalatlas Deutschland;JAHR;Jahr;2019;KREISE;Kreise und kreisfreie Städte;14191;      Aue-Schwarzenberg, Landkreis;-
99910;Regionalatlas Deutschland;JAHR;Jahr;2019;KREISE;Kreise und kreisfreie Städte;14193;      Zwickauer Land, Landkreis;-
99910;Regionalatlas Deutschland;JAHR;Jahr;2019;KREISE;Kreise und kreisfreie Städte;142;    Dresden, Regierungsbezirk;-
99910;Regionalatlas Deutschland;JAHR;Jahr;2019;KREISE;Kreise und kreisfreie Städte;14262;      Dresden, kreisfreie Stadt;-
99910;Regionalatlas Deutschland;JAHR;Jahr;2019;KREISE;Kreise und kreisfreie Städte;14263;      Görlitz, kreisfreie Stadt;-
99910;Regionalatlas Deutschland;JAHR;Jahr;2019;KREISE;Kreise und kreisfreie Städte;14264;      Hoyerswerda, kreisfreie Stadt;-
99910;Regionalatlas Deutschland;JAHR;Jahr;2019;KREISE;Kreise und kreisfreie Städte;14272;      Bautzen, Landkreis;-
99910;Regionalatlas Deutschland;JAHR;Jahr;2019;KREISE;Kreise und kreisfreie Städte;14280;      Meißen, Landkreis;-
99910;Regionalatlas Deutschland;JAHR;Jahr;2019;KREISE;Kreise und kreisfreie Städte;14284;      Niederschlesischer Oberlausitzkreis;-
99910;Regionalatlas Deutschland;JAHR;Jahr;2019;KREISE;Kreise und kreisfreie Städte;14285;      Riesa-Großenhain, Landkreis;-
99910;Regionalatlas Deutschland;JAHR;Jahr;2019;KREISE;Kreise und kreisfreie Städte;14286;      Löbau-Zittau, Landkreis;-
99910;Regionalatlas Deutschland;JAHR;Jahr;2019;KREISE;Kreise und kreisfreie Städte;14287;      Sächsische Schweiz, Landkreis;-
99910;Regionalatlas Deutschland;JAHR;Jahr;2019;KREISE;Kreise und kreisfreie Städte;14290;      Weißeritzkreis;-
99910;Regionalatlas Deutschland;JAHR;Jahr;2019;KREISE;Kreise und kreisfreie Städte;14292;      Kamenz, Landkreis;-
99910;Regionalatlas Deutschland;JAHR;Jahr;2019;KREISE;Kreise und kreisfreie Städte;143;    Leipzig, Regierungsbezirk;-
99910;Regionalatlas Deutschland;JAHR;Jahr;2019;KREISE;Kreise und kreisfreie Städte;14365;      Leipzig, kreisfreie Stadt;-
99910;Regionalatlas Deutschland;JAHR;Jahr;2019;KREISE;Kreise und kreisfreie Städte;14374;      Delitzsch, Landkreis;-
99910;Regionalatlas Deutschland;JAHR;Jahr;2019;KREISE;Kreise und kreisfreie Städte;14375;      Döbeln, Landkreis;-
99910;Regionalatlas Deutschland;JAHR;Jahr;2019;KREISE;Kreise und kreisfreie Städte;14379;      Leipziger Land, Landkreis;-
99910;Regionalatlas Deutschland;JAHR;Jahr;2019;KREISE;Kreise und kreisfreie Städte;14383;      Muldentalkreis;-
99910;Regionalatlas Deutschland;JAHR;Jahr;2019;KREISE;Kreise und kreisfreie Städte;14389;      Torgau-Oschatz, Landkreis;-
99910;Regionalatlas Deutschland;JAHR;Jahr;2019;KREISE;Kreise und kreisfreie Städte;145;    Chemnitz, Statistische Region;21191
99910;Regionalatlas Deutschland;JAHR;Jahr;2019;KREISE;Kreise und kreisfreie Städte;14511;      Chemnitz, kreisfreie Stadt;20918
99910;Regionalatlas Deutschland;JAHR;Jahr;2019;KREISE;Kreise und kreisfreie Städte;14521;      Erzgebirgskreis;20972
99910;Regionalatlas Deutschland;JAHR;Jahr;2019;KREISE;Kreise und kreisfreie Städte;14522;      Mittelsachsen, Landkreis;21232
99910;Regionalatlas Deutschland;JAHR;Jahr;2019;KREISE;Kreise und kreisfreie Städte;14523;      Vogtlandkreis;21060
99910;Regionalatlas Deutschland;JAHR;Jahr;2019;KREISE;Kreise und kreisfreie Städte;14524;      Zwickau, Landkreis;21691
99910;Regionalatlas Deutschland;JAHR;Jahr;2019;KREISE;Kreise und kreisfreie Städte;146;    Dresden, Statistische Region;21248
99910;Regionalatlas Deutschland;JAHR;Jahr;2019;KREISE;Kreise und kreisfreie Städte;14612;      Dresden, kreisfreie Stadt;21075
99910;Regionalatlas Deutschland;JAHR;Jahr;2019;KREISE;Kreise und kreisfreie Städte;14625;      Bautzen, Landkreis;21431
99910;Regionalatlas Deutschland;JAHR;Jahr;2019;KREISE;Kreise und kreisfreie Städte;14626;      Görlitz, Landkreis;20038
99910;Regionalatlas Deutschland;JAHR;Jahr;2019;KREISE;Kreise und kreisfreie Städte;14627;      Meißen, Landkreis;22159
99910;Regionalatlas Deutschland;JAHR;Jahr;2019;KREISE;Kreise und kreisfreie Städte;14628;      Sächsische Schweiz-Osterzgebirge, Landkreis;21770
99910;Regionalatlas Deutschland;JAHR;Jahr;2019;KREISE;Kreise und kreisfreie Städte;147;    Leipzig, Statistische Region;20993
99910;Regionalatlas Deutschland;JAHR;Jahr;2019;KREISE;Kreise und kreisfreie Städte;14713;      Leipzig, kreisfreie Stadt;19963
99910;Regionalatlas Deutschland;JAHR;Jahr;2019;KREISE;Kreise und kreisfreie Städte;14729;      Leipzig, Landkreis;22645
99910;Regionalatlas Deutschland;JAHR;Jahr;2019;KREISE;Kreise und kreisfreie Städte;14730;      Nordsachsen, Landkreis;21916
99910;Regionalatlas Deutschland;JAHR;Jahr;2019;KREISE;Kreise und kreisfreie Städte;15;  Sachsen-Anhalt;20505
99910;Regionalatlas Deutschland;JAHR;Jahr;2019;KREISE;Kreise und kreisfreie Städte;15001;      Dessau-Roßlau, kreisfreie Stadt;20858
99910;Regionalatlas Deutschland;JAHR;Jahr;2019;KREISE;Kreise und kreisfreie Städte;15002;      Halle (Saale), kreisfreie Stadt;18832
99910;Regionalatlas Deutschland;JAHR;Jahr;2019;KREISE;Kreise und kreisfreie Städte;15003;      Magdeburg, kreisfreie Stadt, Landeshauptstadt;19810
99910;Regionalatlas Deutschland;JAHR;Jahr;2019;KREISE;Kreise und kreisfreie Städte;15081;      Altmarkkreis Salzwedel;21108
99910;Regionalatlas Deutschland;JAHR;Jahr;2019;KREISE;Kreise und kreisfreie Städte;15082;      Anhalt-Bitterfeld, Landkreis;20659
99910;Regionalatlas Deutschland;JAHR;Jahr;2019;KREISE;Kreise und kreisfreie Städte;15083;      Börde, Landkreis;21671
99910;Regionalatlas Deutschland;JAHR;Jahr;2019;KREISE;Kreise und kreisfreie Städte;15084;      Burgenlandkreis;20571
99910;Regionalatlas Deutschland;JAHR;Jahr;2019;KREISE;Kreise und kreisfreie Städte;15085;      Harz, Landkreis;20892
99910;Regionalatlas Deutschland;JAHR;Jahr;2019;KREISE;Kreise und kreisfreie Städte;15086;      Jerichower Land, Landkreis;21673
99910;Regionalatlas Deutschland;JAHR;Jahr;2019;KREISE;Kreise und kreisfreie Städte;15087;      Mansfeld-Südharz, Landkreis;19958
99910;Regionalatlas Deutschland;JAHR;Jahr;2019;KREISE;Kreise und kreisfreie Städte;15088;      Saalekreis;21637
99910;Regionalatlas Deutschland;JAHR;Jahr;2019;KREISE;Kreise und kreisfreie Städte;15089;      Salzlandkreis;19914
99910;Regionalatlas Deutschland;JAHR;Jahr;2019;KREISE;Kreise und kreisfreie Städte;15090;      Stendal, Landkreis;20050
99910;Regionalatlas Deutschland;JAHR;Jahr;2019;KREISE;Kreise und kreisfreie Städte;15091;      Wittenberg, Landkreis;21227
99910;Regionalatlas Deutschland;JAHR;Jahr;2019;KREISE;Kreise und kreisfreie Städte;151;    Dessau, Statistische Region;-
99910;Regionalatlas Deutschland;JAHR;Jahr;2019;KREISE;Kreise und kreisfreie Städte;15101;      Dessau, kreisfreie Stadt;-
99910;Regionalatlas Deutschland;JAHR;Jahr;2019;KREISE;Kreise und kreisfreie Städte;15151;      Anhalt-Zerbst, Kreis;-
99910;Regionalatlas Deutschland;JAHR;Jahr;2019;KREISE;Kreise und kreisfreie Städte;15153;      Bernburg, Kreis;-
99910;Regionalatlas Deutschland;JAHR;Jahr;2019;KREISE;Kreise und kreisfreie Städte;15154;      Bitterfeld, Kreis;-
99910;Regionalatlas Deutschland;JAHR;Jahr;2019;KREISE;Kreise und kreisfreie Städte;15159;      Köthen, Kreis;-
99910;Regionalatlas Deutschland;JAHR;Jahr;2019;KREISE;Kreise und kreisfreie Städte;15171;      Wittenberg, Kreis;-
99910;Regionalatlas Deutschland;JAHR;Jahr;2019;KREISE;Kreise und kreisfreie Städte;152;    Halle, Statistische Region;-
99910;Regionalatlas Deutschland;JAHR;Jahr;2019;KREISE;Kreise und kreisfreie Städte;15202;      Halle (Saale), kreisfreie Stadt;-
99910;Regionalatlas Deutschland;JAHR;Jahr;2019;KREISE;Kreise und kreisfreie Städte;15256;      Burgenlandkreis;-
99910;Regionalatlas Deutschland;JAHR;Jahr;2019;KREISE;Kreise und kreisfreie Städte;15260;      Mansfelder Land, Kreis;-
99910;Regionalatlas Deutschland;JAHR;Jahr;2019;KREISE;Kreise und kreisfreie Städte;15261;      Merseburg-Querfurt, Kreis;-
99910;Regionalatlas Deutschland;JAHR;Jahr;2019;KREISE;Kreise und kreisfreie Städte;15265;      Saalkreis;-
99910;Regionalatlas Deutschland;JAHR;Jahr;2019;KREISE;Kreise und kreisfreie Städte;15266;      Sangerhausen, Kreis;-
99910;Regionalatlas Deutschland;JAHR;Jahr;2019;KREISE;Kreise und kreisfreie Städte;15268;      Weißenfels, Kreis;-
99910;Regionalatlas Deutschland;JAHR;Jahr;2019;KREISE;Kreise und kreisfreie Städte;153;    Magdeburg, Statistische Region;-
99910;Regionalatlas Deutschland;JAHR;Jahr;2019;KREISE;Kreise und kreisfreie Städte;15303;      Magdeburg, kreisfreie Stadt;-
99910;Regionalatlas Deutschland;JAHR;Jahr;2019;KREISE;Kreise und kreisfreie Städte;15352;      Aschersleben-Staßfurt, Kreis;-
99910;Regionalatlas Deutschland;JAHR;Jahr;2019;KREISE;Kreise und kreisfreie Städte;15355;      Bördekreis;-
99910;Regionalatlas Deutschland;JAHR;Jahr;2019;KREISE;Kreise und kreisfreie Städte;15357;      Halberstadt, Kreis;-
99910;Regionalatlas Deutschland;JAHR;Jahr;2019;KREISE;Kreise und kreisfreie Städte;15358;      Jerichower Land, Kreis;-
99910;Regionalatlas Deutschland;JAHR;Jahr;2019;KREISE;Kreise und kreisfreie Städte;15362;      Ohrekreis;-
99910;Regionalatlas Deutschland;JAHR;Jahr;2019;KREISE;Kreise und kreisfreie Städte;15363;      Stendal, Kreis;-
99910;Regionalatlas Deutschland;JAHR;Jahr;2019;KREISE;Kreise und kreisfreie Städte;15364;      Quedlinburg, Kreis;-
99910;Regionalatlas Deutschland;JAHR;Jahr;2019;KREISE;Kreise und kreisfreie Städte;15367;      Schönebeck, Kreis;-
99910;Regionalatlas Deutschland;JAHR;Jahr;2019;KREISE;Kreise und kreisfreie Städte;15369;      Wernigerode, Kreis;-
99910;Regionalatlas Deutschland;JAHR;Jahr;2019;KREISE;Kreise und kreisfreie Städte;15370;      Altmarkkreis Salzwedel, Kreis;-
99910;Regionalatlas Deutschland;JAHR;Jahr;2019;KREISE;Kreise und kreisfreie Städte;16;  Thüringen;20780
99910;Regionalatlas Deutschland;JAHR;Jahr;2019;KREISE;Kreise und kreisfreie Städte;16051;      Erfurt, kreisfreie Stadt;20415
99910;Regionalatlas Deutschland;JAHR;Jahr;2019;KREISE;Kreise und kreisfreie Städte;16052;      Gera, kreisfreie Stadt;20362
99910;Regionalatlas Deutschland;JAHR;Jahr;2019;KREISE;Kreise und kreisfreie Städte;16053;      Jena, kreisfreie Stadt;20516
99910;Regionalatlas Deutschland;JAHR;Jahr;2019;KREISE;Kreise und kreisfreie Städte;16054;      Suhl, kreisfreie Stadt;22736
99910;Regionalatlas Deutschland;JAHR;Jahr;2019;KREISE;Kreise und kreisfreie Städte;16055;      Weimar, kreisfreie Stadt;20075
99910;Regionalatlas Deutschland;JAHR;Jahr;2019;KREISE;Kreise und kreisfreie Städte;16056;      Eisenach, kreisfreie Stadt;20126
99910;Regionalatlas Deutschland;JAHR;Jahr;2019;KREISE;Kreise und kreisfreie Städte;16061;      Eichsfeld, Landkreis;21273
99910;Regionalatlas Deutschland;JAHR;Jahr;2019;KREISE;Kreise und kreisfreie Städte;16062;      Nordhausen, Landkreis;19955
99910;Regionalatlas Deutschland;JAHR;Jahr;2019;KREISE;Kreise und kreisfreie Städte;16063;      Wartburgkreis;21390
99910;Regionalatlas Deutschland;JAHR;Jahr;2019;KREISE;Kreise und kreisfreie Städte;16064;      Unstrut-Hainich-Kreis;19996
99910;Regionalatlas Deutschland;JAHR;Jahr;2019;KREISE;Kreise und kreisfreie Städte;16065;      Kyffhäuserkreis;19528
99910;Regionalatlas Deutschland;JAHR;Jahr;2019;KREISE;Kreise und kreisfreie Städte;16066;      Schmalkalden-Meiningen, Landkreis;21629
99910;Regionalatlas Deutschland;JAHR;Jahr;2019;KREISE;Kreise und kreisfreie Städte;16067;      Gotha, Landkreis;20603
99910;Regionalatlas Deutschland;JAHR;Jahr;2019;KREISE;Kreise und kreisfreie Städte;16068;      Sömmerda, Landkreis;20486
99910;Regionalatlas Deutschland;JAHR;Jahr;2019;KREISE;Kreise und kreisfreie Städte;16069;      Hildburghausen, Landkreis;21539
99910;Regionalatlas Deutschland;JAHR;Jahr;2019;KREISE;Kreise und kreisfreie Städte;16070;      Ilm-Kreis;20366
99910;Regionalatlas Deutschland;JAHR;Jahr;2019;KREISE;Kreise und kreisfreie Städte;16071;      Weimarer Land, Landkreis;20988
99910;Regionalatlas Deutschland;JAHR;Jahr;2019;KREISE;Kreise und kreisfreie Städte;16072;      Sonneberg, Landkreis;21523
99910;Regionalatlas Deutschland;JAHR;Jahr;2019;KREISE;Kreise und kreisfreie Städte;16073;      Saalfeld-Rudolstadt, Landkreis;21061
99910;Regionalatlas Deutschland;JAHR;Jahr;2019;KREISE;Kreise und kreisfreie Städte;16074;      Saale-Holzland-Kreis;21300
99910;Regionalatlas Deutschland;JAHR;Jahr;2019;KREISE;Kreise und kreisfreie Städte;16075;      Saale-Orla-Kreis;20725
99910;Regionalatlas Deutschland;JAHR;Jahr;2019;KREISE;Kreise und kreisfreie Städte;16076;      Greiz, Landkreis;21454
99910;Regionalatlas Deutschland;JAHR;Jahr;2019;KREISE;Kreise und kreisfreie Städte;16077;      Altenburger Land, Landkreis;20952
