Statistik_Code;Statistik_Label;Zeit_Code;Zeit_Label;Zeit;1_Merkmal_Code;1_Merkmal_Label;1_Auspraegung_Code;1_Auspraegung_Label;AI1303__Strassenverkehrsunfaelle_je_10.000_Kfz__Anzahl
99910;Regionalatlas Deutschland;JAHR;Jahr;2019;KREISE;Kreise und kreisfreie Städte;DG;Deutschland;66,2
99910;Regionalatlas Deutschland;JAHR;Jahr;2019;KREISE;Kreise und kreisfreie Städte;01;  Schleswig-Holstein;71,1
99910;Regionalatlas Deutschland;JAHR;Jahr;2019;KREISE;Kreise und kreisfreie Städte;01001;      Flensburg, kreisfreie Stadt;83,2
99910;Regionalatlas Deutschland;JAHR;Jahr;2019;KREISE;Kreise und kreisfreie Städte;01002;      Kiel, kreisfreie Stadt;97,3
99910;Regionalatlas Deutschland;JAHR;Jahr;2019;KREISE;Kreise und kreisfreie Städte;01003;      Lübeck, kreisfreie Stadt, Hansestadt;117,4
99910;Regionalatlas Deutschland;JAHR;Jahr;2019;KREISE;Kreise und kreisfreie Städte;01004;      Neumünster, kreisfreie Stadt;87,3
99910;Regionalatlas Deutschland;JAHR;Jahr;2019;KREISE;Kreise und kreisfreie Städte;01051;      Dithmarschen, Kreis;61,2
99910;Regionalatlas Deutschland;JAHR;Jahr;2019;KREISE;Kreise und kreisfreie Städte;01053;      Herzogtum Lauenburg, Kreis;57,1
99910;Regionalatlas Deutschland;JAHR;Jahr;2019;KREISE;Kreise und kreisfreie Städte;01054;      Nordfriesland, Kreis;83,2
99910;Regionalatlas Deutschland;JAHR;Jahr;2019;KREISE;Kreise und kreisfreie Städte;01055;      Ostholstein, Kreis;74,9
99910;Regionalatlas Deutschland;JAHR;Jahr;2019;KREISE;Kreise und kreisfreie Städte;01056;      Pinneberg, Kreis;72,1
99910;Regionalatlas Deutschland;JAHR;Jahr;2019;KREISE;Kreise und kreisfreie Städte;01057;      Plön, Kreis;55,7
99910;Regionalatlas Deutschland;JAHR;Jahr;2019;KREISE;Kreise und kreisfreie Städte;01058;      Rendsburg-Eckernförde, Kreis;60,4
99910;Regionalatlas Deutschland;JAHR;Jahr;2019;KREISE;Kreise und kreisfreie Städte;01059;      Schleswig-Flensburg, Kreis;56,8
99910;Regionalatlas Deutschland;JAHR;Jahr;2019;KREISE;Kreise und kreisfreie Städte;01060;      Segeberg, Kreis;64,1
99910;Regionalatlas Deutschland;JAHR;Jahr;2019;KREISE;Kreise und kreisfreie Städte;01061;      Steinburg, Kreis;53,3
99910;Regionalatlas Deutschland;JAHR;Jahr;2019;KREISE;Kreise und kreisfreie Städte;01062;      Stormarn, Kreis;69,4
99910;Regionalatlas Deutschland;JAHR;Jahr;2019;KREISE;Kreise und kreisfreie Städte;02;  Hamburg;103,5
99910;Regionalatlas Deutschland;JAHR;Jahr;2019;KREISE;Kreise und kreisfreie Städte;03;  Niedersachsen;65,5
99910;Regionalatlas Deutschland;JAHR;Jahr;2019;KREISE;Kreise und kreisfreie Städte;031;    Braunschweig, Statistische Region;58,7
99910;Regionalatlas Deutschland;JAHR;Jahr;2019;KREISE;Kreise und kreisfreie Städte;03101;      Braunschweig, kreisfreie Stadt;76,9
99910;Regionalatlas Deutschland;JAHR;Jahr;2019;KREISE;Kreise und kreisfreie Städte;03102;      Salzgitter, kreisfreie Stadt;73,0
99910;Regionalatlas Deutschland;JAHR;Jahr;2019;KREISE;Kreise und kreisfreie Städte;03103;      Wolfsburg, kreisfreie Stadt;33,8
99910;Regionalatlas Deutschland;JAHR;Jahr;2019;KREISE;Kreise und kreisfreie Städte;03151;      Gifhorn, Landkreis;57,2
99910;Regionalatlas Deutschland;JAHR;Jahr;2019;KREISE;Kreise und kreisfreie Städte;03153;      Goslar, Landkreis;63,1
99910;Regionalatlas Deutschland;JAHR;Jahr;2019;KREISE;Kreise und kreisfreie Städte;03154;      Helmstedt, Landkreis;60,0
99910;Regionalatlas Deutschland;JAHR;Jahr;2019;KREISE;Kreise und kreisfreie Städte;03155;      Northeim, Landkreis;50,3
99910;Regionalatlas Deutschland;JAHR;Jahr;2019;KREISE;Kreise und kreisfreie Städte;03157;      Peine, Landkreis;52,5
99910;Regionalatlas Deutschland;JAHR;Jahr;2019;KREISE;Kreise und kreisfreie Städte;03158;      Wolfenbüttel, Landkreis;54,4
99910;Regionalatlas Deutschland;JAHR;Jahr;2019;KREISE;Kreise und kreisfreie Städte;03159;      Göttingen, Landkreis;65,2
99910;Regionalatlas Deutschland;JAHR;Jahr;2019;KREISE;Kreise und kreisfreie Städte;032;    Hannover, Statistische Region;70,5
99910;Regionalatlas Deutschland;JAHR;Jahr;2019;KREISE;Kreise und kreisfreie Städte;03241;      Region Hannover, Landkreis;80,8
99910;Regionalatlas Deutschland;JAHR;Jahr;2019;KREISE;Kreise und kreisfreie Städte;03241001;      Hannover, Landeshauptstadt;119,6
99910;Regionalatlas Deutschland;JAHR;Jahr;2019;KREISE;Kreise und kreisfreie Städte;03251;      Diepholz, Landkreis;64,5
99910;Regionalatlas Deutschland;JAHR;Jahr;2019;KREISE;Kreise und kreisfreie Städte;03252;      Hameln-Pyrmont, Landkreis;61,0
99910;Regionalatlas Deutschland;JAHR;Jahr;2019;KREISE;Kreise und kreisfreie Städte;03254;      Hildesheim, Landkreis;61,7
99910;Regionalatlas Deutschland;JAHR;Jahr;2019;KREISE;Kreise und kreisfreie Städte;03255;      Holzminden, Landkreis;51,6
99910;Regionalatlas Deutschland;JAHR;Jahr;2019;KREISE;Kreise und kreisfreie Städte;03256;      Nienburg (Weser), Landkreis;52,6
99910;Regionalatlas Deutschland;JAHR;Jahr;2019;KREISE;Kreise und kreisfreie Städte;03257;      Schaumburg, Landkreis;66,2
99910;Regionalatlas Deutschland;JAHR;Jahr;2019;KREISE;Kreise und kreisfreie Städte;033;    Lüneburg, Statistische Region;61,3
99910;Regionalatlas Deutschland;JAHR;Jahr;2019;KREISE;Kreise und kreisfreie Städte;03351;      Celle, Landkreis;55,1
99910;Regionalatlas Deutschland;JAHR;Jahr;2019;KREISE;Kreise und kreisfreie Städte;03352;      Cuxhaven, Landkreis;52,3
99910;Regionalatlas Deutschland;JAHR;Jahr;2019;KREISE;Kreise und kreisfreie Städte;03353;      Harburg, Landkreis;54,6
99910;Regionalatlas Deutschland;JAHR;Jahr;2019;KREISE;Kreise und kreisfreie Städte;03354;      Lüchow-Dannenberg, Landkreis;55,3
99910;Regionalatlas Deutschland;JAHR;Jahr;2019;KREISE;Kreise und kreisfreie Städte;03355;      Lüneburg, Landkreis;75,6
99910;Regionalatlas Deutschland;JAHR;Jahr;2019;KREISE;Kreise und kreisfreie Städte;03356;      Osterholz, Landkreis;60,9
99910;Regionalatlas Deutschland;JAHR;Jahr;2019;KREISE;Kreise und kreisfreie Städte;03357;      Rotenburg (Wümme), Landkreis;64,2
99910;Regionalatlas Deutschland;JAHR;Jahr;2019;KREISE;Kreise und kreisfreie Städte;03358;      Heidekreis;81,0
99910;Regionalatlas Deutschland;JAHR;Jahr;2019;KREISE;Kreise und kreisfreie Städte;03359;      Stade, Landkreis;54,7
99910;Regionalatlas Deutschland;JAHR;Jahr;2019;KREISE;Kreise und kreisfreie Städte;03360;      Uelzen, Landkreis;56,5
99910;Regionalatlas Deutschland;JAHR;Jahr;2019;KREISE;Kreise und kreisfreie Städte;03361;      Verden, Landkreis;69,9
99910;Regionalatlas Deutschland;JAHR;Jahr;2019;KREISE;Kreise und kreisfreie Städte;034;    Weser-Ems, Statistische Region;69,0
99910;Regionalatlas Deutschland;JAHR;Jahr;2019;KREISE;Kreise und kreisfreie Städte;03401;      Delmenhorst, kreisfreie Stadt;71,8
99910;Regionalatlas Deutschland;JAHR;Jahr;2019;KREISE;Kreise und kreisfreie Städte;03402;      Emden, kreisfreie Stadt;70,8
99910;Regionalatlas Deutschland;JAHR;Jahr;2019;KREISE;Kreise und kreisfreie Städte;03403;      Oldenburg (Oldenburg), kreisfreie Stadt;99,2
99910;Regionalatlas Deutschland;JAHR;Jahr;2019;KREISE;Kreise und kreisfreie Städte;03404;      Osnabrück, kreisfreie Stadt;102,7
99910;Regionalatlas Deutschland;JAHR;Jahr;2019;KREISE;Kreise und kreisfreie Städte;03405;      Wilhelmshaven, kreisfreie Stadt;101,3
99910;Regionalatlas Deutschland;JAHR;Jahr;2019;KREISE;Kreise und kreisfreie Städte;03451;      Ammerland, Landkreis;68,3
99910;Regionalatlas Deutschland;JAHR;Jahr;2019;KREISE;Kreise und kreisfreie Städte;03452;      Aurich, Landkreis;68,3
99910;Regionalatlas Deutschland;JAHR;Jahr;2019;KREISE;Kreise und kreisfreie Städte;03453;      Cloppenburg, Landkreis;68,2
99910;Regionalatlas Deutschland;JAHR;Jahr;2019;KREISE;Kreise und kreisfreie Städte;03454;      Emsland, Landkreis;63,2
99910;Regionalatlas Deutschland;JAHR;Jahr;2019;KREISE;Kreise und kreisfreie Städte;03455;      Friesland, Landkreis;64,0
99910;Regionalatlas Deutschland;JAHR;Jahr;2019;KREISE;Kreise und kreisfreie Städte;03456;      Grafschaft Bentheim, Landkreis;75,8
99910;Regionalatlas Deutschland;JAHR;Jahr;2019;KREISE;Kreise und kreisfreie Städte;03457;      Leer, Landkreis;61,2
99910;Regionalatlas Deutschland;JAHR;Jahr;2019;KREISE;Kreise und kreisfreie Städte;03458;      Oldenburg, Landkreis;58,9
99910;Regionalatlas Deutschland;JAHR;Jahr;2019;KREISE;Kreise und kreisfreie Städte;03459;      Osnabrück, Landkreis;59,4
99910;Regionalatlas Deutschland;JAHR;Jahr;2019;KREISE;Kreise und kreisfreie Städte;03460;      Vechta, Landkreis;58,7
99910;Regionalatlas Deutschland;JAHR;Jahr;2019;KREISE;Kreise und kreisfreie Städte;03461;      Wesermarsch, Landkreis;61,6
99910;Regionalatlas Deutschland;JAHR;Jahr;2019;KREISE;Kreise und kreisfreie Städte;03462;      Wittmund, Landkreis;62,6
99910;Regionalatlas Deutschland;JAHR;Jahr;2019;KREISE;Kreise und kreisfreie Städte;04;  Bremen;112,6
99910;Regionalatlas Deutschland;JAHR;Jahr;2019;KREISE;Kreise und kreisfreie Städte;04011;      Bremen, kreisfreie Stadt;111,2
99910;Regionalatlas Deutschland;JAHR;Jahr;2019;KREISE;Kreise und kreisfreie Städte;04012;      Bremerhaven, kreisfreie Stadt;119,2
99910;Regionalatlas Deutschland;JAHR;Jahr;2019;KREISE;Kreise und kreisfreie Städte;05;  Nordrhein-Westfalen;64,2
99910;Regionalatlas Deutschland;JAHR;Jahr;2019;KREISE;Kreise und kreisfreie Städte;051;    Düsseldorf, Regierungsbezirk;65,2
99910;Regionalatlas Deutschland;JAHR;Jahr;2019;KREISE;Kreise und kreisfreie Städte;05111;      Düsseldorf, kreisfreie Stadt;86,8
99910;Regionalatlas Deutschland;JAHR;Jahr;2019;KREISE;Kreise und kreisfreie Städte;05112;      Duisburg, kreisfreie Stadt;74,2
99910;Regionalatlas Deutschland;JAHR;Jahr;2019;KREISE;Kreise und kreisfreie Städte;05113;      Essen, kreisfreie Stadt;65,2
99910;Regionalatlas Deutschland;JAHR;Jahr;2019;KREISE;Kreise und kreisfreie Städte;05114;      Krefeld, kreisfreie Stadt;73,0
99910;Regionalatlas Deutschland;JAHR;Jahr;2019;KREISE;Kreise und kreisfreie Städte;05116;      Mönchengladbach, kreisfreie Stadt;71,1
99910;Regionalatlas Deutschland;JAHR;Jahr;2019;KREISE;Kreise und kreisfreie Städte;05117;      Mülheim an der Ruhr, kreisfreie Stadt;51,5
99910;Regionalatlas Deutschland;JAHR;Jahr;2019;KREISE;Kreise und kreisfreie Städte;05119;      Oberhausen, kreisfreie Stadt;63,6
99910;Regionalatlas Deutschland;JAHR;Jahr;2019;KREISE;Kreise und kreisfreie Städte;05120;      Remscheid, kreisfreie Stadt;49,6
99910;Regionalatlas Deutschland;JAHR;Jahr;2019;KREISE;Kreise und kreisfreie Städte;05122;      Solingen, kreisfreie Stadt;50,7
99910;Regionalatlas Deutschland;JAHR;Jahr;2019;KREISE;Kreise und kreisfreie Städte;05124;      Wuppertal, kreisfreie Stadt;58,6
99910;Regionalatlas Deutschland;JAHR;Jahr;2019;KREISE;Kreise und kreisfreie Städte;05154;      Kleve, Kreis;61,6
99910;Regionalatlas Deutschland;JAHR;Jahr;2019;KREISE;Kreise und kreisfreie Städte;05158;      Mettmann, Kreis;67,4
99910;Regionalatlas Deutschland;JAHR;Jahr;2019;KREISE;Kreise und kreisfreie Städte;05162;      Rhein-Kreis Neuss;61,2
99910;Regionalatlas Deutschland;JAHR;Jahr;2019;KREISE;Kreise und kreisfreie Städte;05166;      Viersen, Kreis;53,6
99910;Regionalatlas Deutschland;JAHR;Jahr;2019;KREISE;Kreise und kreisfreie Städte;05170;      Wesel, Kreis;58,0
99910;Regionalatlas Deutschland;JAHR;Jahr;2019;KREISE;Kreise und kreisfreie Städte;053;    Köln, Regierungsbezirk;68,3
99910;Regionalatlas Deutschland;JAHR;Jahr;2019;KREISE;Kreise und kreisfreie Städte;05314;      Bonn, kreisfreie Stadt;57,4
99910;Regionalatlas Deutschland;JAHR;Jahr;2019;KREISE;Kreise und kreisfreie Städte;05315;      Köln, kreisfreie Stadt;107,1
99910;Regionalatlas Deutschland;JAHR;Jahr;2019;KREISE;Kreise und kreisfreie Städte;05316;      Leverkusen, kreisfreie Stadt;70,9
99910;Regionalatlas Deutschland;JAHR;Jahr;2019;KREISE;Kreise und kreisfreie Städte;05334;      Städteregion Aachen, Kreis;74,8
99910;Regionalatlas Deutschland;JAHR;Jahr;2019;KREISE;Kreise und kreisfreie Städte;05334002;      Aachen, kreisfreie Stadt;99,4
99910;Regionalatlas Deutschland;JAHR;Jahr;2019;KREISE;Kreise und kreisfreie Städte;05358;      Düren, Kreis;75,4
99910;Regionalatlas Deutschland;JAHR;Jahr;2019;KREISE;Kreise und kreisfreie Städte;05362;      Rhein-Erft-Kreis;52,5
99910;Regionalatlas Deutschland;JAHR;Jahr;2019;KREISE;Kreise und kreisfreie Städte;05366;      Euskirchen, Kreis;52,9
99910;Regionalatlas Deutschland;JAHR;Jahr;2019;KREISE;Kreise und kreisfreie Städte;05370;      Heinsberg, Kreis;56,8
99910;Regionalatlas Deutschland;JAHR;Jahr;2019;KREISE;Kreise und kreisfreie Städte;05374;      Oberbergischer Kreis;55,2
99910;Regionalatlas Deutschland;JAHR;Jahr;2019;KREISE;Kreise und kreisfreie Städte;05378;      Rheinisch-Bergischer Kreis;54,3
99910;Regionalatlas Deutschland;JAHR;Jahr;2019;KREISE;Kreise und kreisfreie Städte;05382;      Rhein-Sieg-Kreis;51,4
99910;Regionalatlas Deutschland;JAHR;Jahr;2019;KREISE;Kreise und kreisfreie Städte;055;    Münster, Regierungsbezirk;66,4
99910;Regionalatlas Deutschland;JAHR;Jahr;2019;KREISE;Kreise und kreisfreie Städte;05512;      Bottrop, kreisfreie Stadt;57,3
99910;Regionalatlas Deutschland;JAHR;Jahr;2019;KREISE;Kreise und kreisfreie Städte;05513;      Gelsenkirchen, kreisfreie Stadt;78,4
99910;Regionalatlas Deutschland;JAHR;Jahr;2019;KREISE;Kreise und kreisfreie Städte;05515;      Münster, kreisfreie Stadt;94,8
99910;Regionalatlas Deutschland;JAHR;Jahr;2019;KREISE;Kreise und kreisfreie Städte;05554;      Borken, Kreis;63,9
99910;Regionalatlas Deutschland;JAHR;Jahr;2019;KREISE;Kreise und kreisfreie Städte;05558;      Coesfeld, Kreis;58,5
99910;Regionalatlas Deutschland;JAHR;Jahr;2019;KREISE;Kreise und kreisfreie Städte;05562;      Recklinghausen, Kreis;58,3
99910;Regionalatlas Deutschland;JAHR;Jahr;2019;KREISE;Kreise und kreisfreie Städte;05566;      Steinfurt, Kreis;65,9
99910;Regionalatlas Deutschland;JAHR;Jahr;2019;KREISE;Kreise und kreisfreie Städte;05570;      Warendorf, Kreis;65,6
99910;Regionalatlas Deutschland;JAHR;Jahr;2019;KREISE;Kreise und kreisfreie Städte;057;    Detmold, Regierungsbezirk;62,4
99910;Regionalatlas Deutschland;JAHR;Jahr;2019;KREISE;Kreise und kreisfreie Städte;05711;      Bielefeld, kreisfreie Stadt;86,3
99910;Regionalatlas Deutschland;JAHR;Jahr;2019;KREISE;Kreise und kreisfreie Städte;05754;      Gütersloh, Kreis;67,8
99910;Regionalatlas Deutschland;JAHR;Jahr;2019;KREISE;Kreise und kreisfreie Städte;05758;      Herford, Kreis;59,2
99910;Regionalatlas Deutschland;JAHR;Jahr;2019;KREISE;Kreise und kreisfreie Städte;05762;      Höxter, Kreis;52,0
99910;Regionalatlas Deutschland;JAHR;Jahr;2019;KREISE;Kreise und kreisfreie Städte;05766;      Lippe, Kreis;49,7
99910;Regionalatlas Deutschland;JAHR;Jahr;2019;KREISE;Kreise und kreisfreie Städte;05770;      Minden-Lübbecke, Kreis;55,0
99910;Regionalatlas Deutschland;JAHR;Jahr;2019;KREISE;Kreise und kreisfreie Städte;05774;      Paderborn, Kreis;65,2
99910;Regionalatlas Deutschland;JAHR;Jahr;2019;KREISE;Kreise und kreisfreie Städte;059;    Arnsberg, Regierungsbezirk;57,0
99910;Regionalatlas Deutschland;JAHR;Jahr;2019;KREISE;Kreise und kreisfreie Städte;05911;      Bochum, kreisfreie Stadt;57,5
99910;Regionalatlas Deutschland;JAHR;Jahr;2019;KREISE;Kreise und kreisfreie Städte;05913;      Dortmund, kreisfreie Stadt;68,4
99910;Regionalatlas Deutschland;JAHR;Jahr;2019;KREISE;Kreise und kreisfreie Städte;05914;      Hagen, kreisfreie Stadt;64,2
99910;Regionalatlas Deutschland;JAHR;Jahr;2019;KREISE;Kreise und kreisfreie Städte;05915;      Hamm, kreisfreie Stadt;76,3
99910;Regionalatlas Deutschland;JAHR;Jahr;2019;KREISE;Kreise und kreisfreie Städte;05916;      Herne, kreisfreie Stadt;61,9
99910;Regionalatlas Deutschland;JAHR;Jahr;2019;KREISE;Kreise und kreisfreie Städte;05954;      Ennepe-Ruhr-Kreis;45,0
99910;Regionalatlas Deutschland;JAHR;Jahr;2019;KREISE;Kreise und kreisfreie Städte;05958;      Hochsauerlandkreis;57,4
99910;Regionalatlas Deutschland;JAHR;Jahr;2019;KREISE;Kreise und kreisfreie Städte;05962;      Märkischer Kreis;49,1
99910;Regionalatlas Deutschland;JAHR;Jahr;2019;KREISE;Kreise und kreisfreie Städte;05966;      Olpe, Kreis;60,5
99910;Regionalatlas Deutschland;JAHR;Jahr;2019;KREISE;Kreise und kreisfreie Städte;05970;      Siegen-Wittgenstein, Kreis;45,2
99910;Regionalatlas Deutschland;JAHR;Jahr;2019;KREISE;Kreise und kreisfreie Städte;05974;      Soest, Kreis;51,0
99910;Regionalatlas Deutschland;JAHR;Jahr;2019;KREISE;Kreise und kreisfreie Städte;05978;      Unna, Kreis;61,3
99910;Regionalatlas Deutschland;JAHR;Jahr;2019;KREISE;Kreise und kreisfreie Städte;06;  Hessen;65,6
99910;Regionalatlas Deutschland;JAHR;Jahr;2019;KREISE;Kreise und kreisfreie Städte;064;    Darmstadt, Regierungsbezirk;69,4
99910;Regionalatlas Deutschland;JAHR;Jahr;2019;KREISE;Kreise und kreisfreie Städte;06411;      Darmstadt, kreisfreie Stadt, Wissenschaftsstadt;122,9
99910;Regionalatlas Deutschland;JAHR;Jahr;2019;KREISE;Kreise und kreisfreie Städte;06412;      Frankfurt am Main, kreisfreie Stadt;97,2
99910;Regionalatlas Deutschland;JAHR;Jahr;2019;KREISE;Kreise und kreisfreie Städte;06413;      Offenbach am Main, kreisfreie Stadt;90,0
99910;Regionalatlas Deutschland;JAHR;Jahr;2019;KREISE;Kreise und kreisfreie Städte;06414;      Wiesbaden, kreisfreie Stadt, Landeshauptstadt;80,4
99910;Regionalatlas Deutschland;JAHR;Jahr;2019;KREISE;Kreise und kreisfreie Städte;06431;      Bergstraße, Landkreis;67,6
99910;Regionalatlas Deutschland;JAHR;Jahr;2019;KREISE;Kreise und kreisfreie Städte;06432;      Darmstadt-Dieburg, Landkreis;71,5
99910;Regionalatlas Deutschland;JAHR;Jahr;2019;KREISE;Kreise und kreisfreie Städte;06433;      Groß-Gerau, Landkreis;92,7
99910;Regionalatlas Deutschland;JAHR;Jahr;2019;KREISE;Kreise und kreisfreie Städte;06434;      Hochtaunuskreis;55,0
99910;Regionalatlas Deutschland;JAHR;Jahr;2019;KREISE;Kreise und kreisfreie Städte;06435;      Main-Kinzig-Kreis;56,9
99910;Regionalatlas Deutschland;JAHR;Jahr;2019;KREISE;Kreise und kreisfreie Städte;06436;      Main-Taunus-Kreis;40,8
99910;Regionalatlas Deutschland;JAHR;Jahr;2019;KREISE;Kreise und kreisfreie Städte;06437;      Odenwaldkreis;64,7
99910;Regionalatlas Deutschland;JAHR;Jahr;2019;KREISE;Kreise und kreisfreie Städte;06438;      Offenbach, Landkreis;56,3
99910;Regionalatlas Deutschland;JAHR;Jahr;2019;KREISE;Kreise und kreisfreie Städte;06439;      Rheingau-Taunus-Kreis;48,4
99910;Regionalatlas Deutschland;JAHR;Jahr;2019;KREISE;Kreise und kreisfreie Städte;06440;      Wetteraukreis;54,4
99910;Regionalatlas Deutschland;JAHR;Jahr;2019;KREISE;Kreise und kreisfreie Städte;065;    Gießen, Regierungsbezirk;58,8
99910;Regionalatlas Deutschland;JAHR;Jahr;2019;KREISE;Kreise und kreisfreie Städte;06531;      Gießen, Landkreis;67,8
99910;Regionalatlas Deutschland;JAHR;Jahr;2019;KREISE;Kreise und kreisfreie Städte;06532;      Lahn-Dill-Kreis;54,3
99910;Regionalatlas Deutschland;JAHR;Jahr;2019;KREISE;Kreise und kreisfreie Städte;06533;      Limburg-Weilburg, Landkreis;63,9
99910;Regionalatlas Deutschland;JAHR;Jahr;2019;KREISE;Kreise und kreisfreie Städte;06534;      Marburg-Biedenkopf, Landkreis;54,2
99910;Regionalatlas Deutschland;JAHR;Jahr;2019;KREISE;Kreise und kreisfreie Städte;06535;      Vogelsbergkreis;52,0
99910;Regionalatlas Deutschland;JAHR;Jahr;2019;KREISE;Kreise und kreisfreie Städte;066;    Kassel, Regierungsbezirk;59,7
99910;Regionalatlas Deutschland;JAHR;Jahr;2019;KREISE;Kreise und kreisfreie Städte;06611;      Kassel, kreisfreie Stadt, documenta-Stadt;109,8
99910;Regionalatlas Deutschland;JAHR;Jahr;2019;KREISE;Kreise und kreisfreie Städte;06631;      Fulda, Landkreis;53,6
99910;Regionalatlas Deutschland;JAHR;Jahr;2019;KREISE;Kreise und kreisfreie Städte;06632;      Hersfeld-Rotenburg, Landkreis;60,6
99910;Regionalatlas Deutschland;JAHR;Jahr;2019;KREISE;Kreise und kreisfreie Städte;06633;      Kassel, Landkreis;50,5
99910;Regionalatlas Deutschland;JAHR;Jahr;2019;KREISE;Kreise und kreisfreie Städte;06634;      Schwalm-Eder-Kreis;55,5
99910;Regionalatlas Deutschland;JAHR;Jahr;2019;KREISE;Kreise und kreisfreie Städte;06635;      Waldeck-Frankenberg, Landkreis;51,8
99910;Regionalatlas Deutschland;JAHR;Jahr;2019;KREISE;Kreise und kreisfreie Städte;06636;      Werra-Meißner-Kreis;48,6
99910;Regionalatlas Deutschland;JAHR;Jahr;2019;KREISE;Kreise und kreisfreie Städte;07;  Rheinland-Pfalz;68,0
99910;Regionalatlas Deutschland;JAHR;Jahr;2019;KREISE;Kreise und kreisfreie Städte;071;    Koblenz, Statistische Region;69,4
99910;Regionalatlas Deutschland;JAHR;Jahr;2019;KREISE;Kreise und kreisfreie Städte;07111;      Koblenz, kreisfreie Stadt;117,3
99910;Regionalatlas Deutschland;JAHR;Jahr;2019;KREISE;Kreise und kreisfreie Städte;07131;      Ahrweiler, Landkreis;82,3
99910;Regionalatlas Deutschland;JAHR;Jahr;2019;KREISE;Kreise und kreisfreie Städte;07132;      Altenkirchen (Westerwald), Landkreis;66,5
99910;Regionalatlas Deutschland;JAHR;Jahr;2019;KREISE;Kreise und kreisfreie Städte;07133;      Bad Kreuznach, Landkreis;54,9
99910;Regionalatlas Deutschland;JAHR;Jahr;2019;KREISE;Kreise und kreisfreie Städte;07134;      Birkenfeld, Landkreis;60,1
99910;Regionalatlas Deutschland;JAHR;Jahr;2019;KREISE;Kreise und kreisfreie Städte;07135;      Cochem-Zell, Landkreis;65,2
99910;Regionalatlas Deutschland;JAHR;Jahr;2019;KREISE;Kreise und kreisfreie Städte;07137;      Mayen-Koblenz, Landkreis;68,5
99910;Regionalatlas Deutschland;JAHR;Jahr;2019;KREISE;Kreise und kreisfreie Städte;07138;      Neuwied, Landkreis;72,5
99910;Regionalatlas Deutschland;JAHR;Jahr;2019;KREISE;Kreise und kreisfreie Städte;07140;      Rhein-Hunsrück-Kreis;55,4
99910;Regionalatlas Deutschland;JAHR;Jahr;2019;KREISE;Kreise und kreisfreie Städte;07141;      Rhein-Lahn-Kreis;56,7
99910;Regionalatlas Deutschland;JAHR;Jahr;2019;KREISE;Kreise und kreisfreie Städte;07143;      Westerwaldkreis;70,5
99910;Regionalatlas Deutschland;JAHR;Jahr;2019;KREISE;Kreise und kreisfreie Städte;072;    Trier, Statistische Region;65,5
99910;Regionalatlas Deutschland;JAHR;Jahr;2019;KREISE;Kreise und kreisfreie Städte;07211;      Trier, kreisfreie Stadt;99,8
99910;Regionalatlas Deutschland;JAHR;Jahr;2019;KREISE;Kreise und kreisfreie Städte;07231;      Bernkastel-Wittlich, Landkreis;63,8
99910;Regionalatlas Deutschland;JAHR;Jahr;2019;KREISE;Kreise und kreisfreie Städte;07232;      Eifelkreis Bitburg-Prüm;61,6
99910;Regionalatlas Deutschland;JAHR;Jahr;2019;KREISE;Kreise und kreisfreie Städte;07233;      Vulkaneifel, Landkreis;64,3
99910;Regionalatlas Deutschland;JAHR;Jahr;2019;KREISE;Kreise und kreisfreie Städte;07235;      Trier-Saarburg, Landkreis;53,1
99910;Regionalatlas Deutschland;JAHR;Jahr;2019;KREISE;Kreise und kreisfreie Städte;073;    Rheinhessen-Pfalz, Statistische Region;67,6
99910;Regionalatlas Deutschland;JAHR;Jahr;2019;KREISE;Kreise und kreisfreie Städte;07311;      Frankenthal (Pfalz), kreisfreie Stadt;103,1
99910;Regionalatlas Deutschland;JAHR;Jahr;2019;KREISE;Kreise und kreisfreie Städte;07312;      Kaiserslautern, kreisfreie Stadt;99,2
99910;Regionalatlas Deutschland;JAHR;Jahr;2019;KREISE;Kreise und kreisfreie Städte;07313;      Landau in der Pfalz, kreisfreie Stadt;102,6
99910;Regionalatlas Deutschland;JAHR;Jahr;2019;KREISE;Kreise und kreisfreie Städte;07314;      Ludwigshafen am Rhein, kreisfreie Stadt;109,4
99910;Regionalatlas Deutschland;JAHR;Jahr;2019;KREISE;Kreise und kreisfreie Städte;07315;      Mainz, kreisfreie Stadt;89,6
99910;Regionalatlas Deutschland;JAHR;Jahr;2019;KREISE;Kreise und kreisfreie Städte;07316;      Neustadt an der Weinstraße, kreisfreie Stadt;73,3
99910;Regionalatlas Deutschland;JAHR;Jahr;2019;KREISE;Kreise und kreisfreie Städte;07317;      Pirmasens, kreisfreie Stadt;84,6
99910;Regionalatlas Deutschland;JAHR;Jahr;2019;KREISE;Kreise und kreisfreie Städte;07318;      Speyer, kreisfreie Stadt;107,5
99910;Regionalatlas Deutschland;JAHR;Jahr;2019;KREISE;Kreise und kreisfreie Städte;07319;      Worms, kreisfreie Stadt;91,3
99910;Regionalatlas Deutschland;JAHR;Jahr;2019;KREISE;Kreise und kreisfreie Städte;07320;      Zweibrücken, kreisfreie Stadt;75,3
99910;Regionalatlas Deutschland;JAHR;Jahr;2019;KREISE;Kreise und kreisfreie Städte;07331;      Alzey-Worms, Landkreis;47,1
99910;Regionalatlas Deutschland;JAHR;Jahr;2019;KREISE;Kreise und kreisfreie Städte;07332;      Bad Dürkheim, Landkreis;62,6
99910;Regionalatlas Deutschland;JAHR;Jahr;2019;KREISE;Kreise und kreisfreie Städte;07333;      Donnersbergkreis;51,8
99910;Regionalatlas Deutschland;JAHR;Jahr;2019;KREISE;Kreise und kreisfreie Städte;07334;      Germersheim, Landkreis;65,2
99910;Regionalatlas Deutschland;JAHR;Jahr;2019;KREISE;Kreise und kreisfreie Städte;07335;      Kaiserslautern, Landkreis;62,0
99910;Regionalatlas Deutschland;JAHR;Jahr;2019;KREISE;Kreise und kreisfreie Städte;07336;      Kusel, Landkreis;41,2
99910;Regionalatlas Deutschland;JAHR;Jahr;2019;KREISE;Kreise und kreisfreie Städte;07337;      Südliche Weinstraße, Landkreis;58,0
99910;Regionalatlas Deutschland;JAHR;Jahr;2019;KREISE;Kreise und kreisfreie Städte;07338;      Rhein-Pfalz-Kreis;52,8
99910;Regionalatlas Deutschland;JAHR;Jahr;2019;KREISE;Kreise und kreisfreie Städte;07339;      Mainz-Bingen, Landkreis;47,5
99910;Regionalatlas Deutschland;JAHR;Jahr;2019;KREISE;Kreise und kreisfreie Städte;07340;      Südwestpfalz, Landkreis;42,6
99910;Regionalatlas Deutschland;JAHR;Jahr;2019;KREISE;Kreise und kreisfreie Städte;08;  Baden-Württemberg;61,0
99910;Regionalatlas Deutschland;JAHR;Jahr;2019;KREISE;Kreise und kreisfreie Städte;081;    Stuttgart, Regierungsbezirk;59,8
99910;Regionalatlas Deutschland;JAHR;Jahr;2019;KREISE;Kreise und kreisfreie Städte;08111;      Stuttgart, Stadtkreis;74,8
99910;Regionalatlas Deutschland;JAHR;Jahr;2019;KREISE;Kreise und kreisfreie Städte;08115;      Böblingen, Landkreis;66,7
99910;Regionalatlas Deutschland;JAHR;Jahr;2019;KREISE;Kreise und kreisfreie Städte;08116;      Esslingen, Landkreis;55,9
99910;Regionalatlas Deutschland;JAHR;Jahr;2019;KREISE;Kreise und kreisfreie Städte;08117;      Göppingen, Landkreis;58,4
99910;Regionalatlas Deutschland;JAHR;Jahr;2019;KREISE;Kreise und kreisfreie Städte;08118;      Ludwigsburg, Landkreis;57,7
99910;Regionalatlas Deutschland;JAHR;Jahr;2019;KREISE;Kreise und kreisfreie Städte;08119;      Rems-Murr-Kreis, Landkreis;53,8
99910;Regionalatlas Deutschland;JAHR;Jahr;2019;KREISE;Kreise und kreisfreie Städte;08121;      Heilbronn, Stadtkreis;97,4
99910;Regionalatlas Deutschland;JAHR;Jahr;2019;KREISE;Kreise und kreisfreie Städte;08125;      Heilbronn, Landkreis;51,0
99910;Regionalatlas Deutschland;JAHR;Jahr;2019;KREISE;Kreise und kreisfreie Städte;08126;      Hohenlohekreis, Landkreis;52,3
99910;Regionalatlas Deutschland;JAHR;Jahr;2019;KREISE;Kreise und kreisfreie Städte;08127;      Schwäbisch Hall, Landkreis;56,1
99910;Regionalatlas Deutschland;JAHR;Jahr;2019;KREISE;Kreise und kreisfreie Städte;08128;      Main-Tauber-Kreis, Landkreis;57,0
99910;Regionalatlas Deutschland;JAHR;Jahr;2019;KREISE;Kreise und kreisfreie Städte;08135;      Heidenheim, Landkreis;64,4
99910;Regionalatlas Deutschland;JAHR;Jahr;2019;KREISE;Kreise und kreisfreie Städte;08136;      Ostalbkreis, Landkreis;53,1
99910;Regionalatlas Deutschland;JAHR;Jahr;2019;KREISE;Kreise und kreisfreie Städte;082;    Karlsruhe, Regierungsbezirk;64,1
99910;Regionalatlas Deutschland;JAHR;Jahr;2019;KREISE;Kreise und kreisfreie Städte;08211;      Baden-Baden, Stadtkreis;76,1
99910;Regionalatlas Deutschland;JAHR;Jahr;2019;KREISE;Kreise und kreisfreie Städte;08212;      Karlsruhe, Stadtkreis;96,4
99910;Regionalatlas Deutschland;JAHR;Jahr;2019;KREISE;Kreise und kreisfreie Städte;08215;      Karlsruhe, Landkreis;56,3
99910;Regionalatlas Deutschland;JAHR;Jahr;2019;KREISE;Kreise und kreisfreie Städte;08216;      Rastatt, Landkreis;55,7
99910;Regionalatlas Deutschland;JAHR;Jahr;2019;KREISE;Kreise und kreisfreie Städte;08221;      Heidelberg, Stadtkreis;118,9
99910;Regionalatlas Deutschland;JAHR;Jahr;2019;KREISE;Kreise und kreisfreie Städte;08222;      Mannheim, Stadtkreis;82,3
99910;Regionalatlas Deutschland;JAHR;Jahr;2019;KREISE;Kreise und kreisfreie Städte;08225;      Neckar-Odenwald-Kreis, Landkreis;47,9
99910;Regionalatlas Deutschland;JAHR;Jahr;2019;KREISE;Kreise und kreisfreie Städte;08226;      Rhein-Neckar-Kreis, Landkreis;53,4
99910;Regionalatlas Deutschland;JAHR;Jahr;2019;KREISE;Kreise und kreisfreie Städte;08231;      Pforzheim, Stadtkreis;107,6
99910;Regionalatlas Deutschland;JAHR;Jahr;2019;KREISE;Kreise und kreisfreie Städte;08235;      Calw, Landkreis;44,9
99910;Regionalatlas Deutschland;JAHR;Jahr;2019;KREISE;Kreise und kreisfreie Städte;08236;      Enzkreis, Landkreis;51,7
99910;Regionalatlas Deutschland;JAHR;Jahr;2019;KREISE;Kreise und kreisfreie Städte;08237;      Freudenstadt, Landkreis;53,2
99910;Regionalatlas Deutschland;JAHR;Jahr;2019;KREISE;Kreise und kreisfreie Städte;083;    Freiburg, Regierungsbezirk;64,1
99910;Regionalatlas Deutschland;JAHR;Jahr;2019;KREISE;Kreise und kreisfreie Städte;08311;      Freiburg im Breisgau, Stadtkreis;122,5
99910;Regionalatlas Deutschland;JAHR;Jahr;2019;KREISE;Kreise und kreisfreie Städte;08315;      Breisgau-Hochschwarzwald, Landkreis;55,2
99910;Regionalatlas Deutschland;JAHR;Jahr;2019;KREISE;Kreise und kreisfreie Städte;08316;      Emmendingen, Landkreis;55,1
99910;Regionalatlas Deutschland;JAHR;Jahr;2019;KREISE;Kreise und kreisfreie Städte;08317;      Ortenaukreis, Landkreis;65,1
99910;Regionalatlas Deutschland;JAHR;Jahr;2019;KREISE;Kreise und kreisfreie Städte;08325;      Rottweil, Landkreis;50,0
99910;Regionalatlas Deutschland;JAHR;Jahr;2019;KREISE;Kreise und kreisfreie Städte;08326;      Schwarzwald-Baar-Kreis, Landkreis;55,5
99910;Regionalatlas Deutschland;JAHR;Jahr;2019;KREISE;Kreise und kreisfreie Städte;08327;      Tuttlingen, Landkreis;46,7
99910;Regionalatlas Deutschland;JAHR;Jahr;2019;KREISE;Kreise und kreisfreie Städte;08335;      Konstanz, Landkreis;72,5
99910;Regionalatlas Deutschland;JAHR;Jahr;2019;KREISE;Kreise und kreisfreie Städte;08336;      Lörrach, Landkreis;68,5
99910;Regionalatlas Deutschland;JAHR;Jahr;2019;KREISE;Kreise und kreisfreie Städte;08337;      Waldshut, Landkreis;55,1
99910;Regionalatlas Deutschland;JAHR;Jahr;2019;KREISE;Kreise und kreisfreie Städte;084;    Tübingen, Regierungsbezirk;55,7
99910;Regionalatlas Deutschland;JAHR;Jahr;2019;KREISE;Kreise und kreisfreie Städte;08415;      Reutlingen, Landkreis;56,5
99910;Regionalatlas Deutschland;JAHR;Jahr;2019;KREISE;Kreise und kreisfreie Städte;08416;      Tübingen, Landkreis;59,1
99910;Regionalatlas Deutschland;JAHR;Jahr;2019;KREISE;Kreise und kreisfreie Städte;08417;      Zollernalbkreis, Landkreis;46,7
99910;Regionalatlas Deutschland;JAHR;Jahr;2019;KREISE;Kreise und kreisfreie Städte;08421;      Ulm, Stadtkreis;81,0
99910;Regionalatlas Deutschland;JAHR;Jahr;2019;KREISE;Kreise und kreisfreie Städte;08425;      Alb-Donau-Kreis, Landkreis;47,3
99910;Regionalatlas Deutschland;JAHR;Jahr;2019;KREISE;Kreise und kreisfreie Städte;08426;      Biberach, Landkreis;47,3
99910;Regionalatlas Deutschland;JAHR;Jahr;2019;KREISE;Kreise und kreisfreie Städte;08435;      Bodenseekreis, Landkreis;60,8
99910;Regionalatlas Deutschland;JAHR;Jahr;2019;KREISE;Kreise und kreisfreie Städte;08436;      Ravensburg, Landkreis;60,4
99910;Regionalatlas Deutschland;JAHR;Jahr;2019;KREISE;Kreise und kreisfreie Städte;08437;      Sigmaringen, Landkreis;51,9
99910;Regionalatlas Deutschland;JAHR;Jahr;2019;KREISE;Kreise und kreisfreie Städte;09;  Bayern;60,5
99910;Regionalatlas Deutschland;JAHR;Jahr;2019;KREISE;Kreise und kreisfreie Städte;091;    Oberbayern, Regierungsbezirk;63,8
99910;Regionalatlas Deutschland;JAHR;Jahr;2019;KREISE;Kreise und kreisfreie Städte;09161;      Ingolstadt, kreisfreie Stadt;77,0
99910;Regionalatlas Deutschland;JAHR;Jahr;2019;KREISE;Kreise und kreisfreie Städte;09162;      München, kreisfreie Stadt;72,7
99910;Regionalatlas Deutschland;JAHR;Jahr;2019;KREISE;Kreise und kreisfreie Städte;09163;      Rosenheim, kreisfreie Stadt;106,0
99910;Regionalatlas Deutschland;JAHR;Jahr;2019;KREISE;Kreise und kreisfreie Städte;09171;      Altötting, Landkreis;62,3
99910;Regionalatlas Deutschland;JAHR;Jahr;2019;KREISE;Kreise und kreisfreie Städte;09172;      Berchtesgadener Land, Landkreis;76,2
99910;Regionalatlas Deutschland;JAHR;Jahr;2019;KREISE;Kreise und kreisfreie Städte;09173;      Bad Tölz-Wolfratshausen, Landkreis;66,5
99910;Regionalatlas Deutschland;JAHR;Jahr;2019;KREISE;Kreise und kreisfreie Städte;09174;      Dachau, Landkreis;64,7
99910;Regionalatlas Deutschland;JAHR;Jahr;2019;KREISE;Kreise und kreisfreie Städte;09175;      Ebersberg, Landkreis;53,2
99910;Regionalatlas Deutschland;JAHR;Jahr;2019;KREISE;Kreise und kreisfreie Städte;09176;      Eichstätt, Landkreis;59,0
99910;Regionalatlas Deutschland;JAHR;Jahr;2019;KREISE;Kreise und kreisfreie Städte;09177;      Erding, Landkreis;56,0
99910;Regionalatlas Deutschland;JAHR;Jahr;2019;KREISE;Kreise und kreisfreie Städte;09178;      Freising, Landkreis;61,4
99910;Regionalatlas Deutschland;JAHR;Jahr;2019;KREISE;Kreise und kreisfreie Städte;09179;      Fürstenfeldbruck, Landkreis;55,5
99910;Regionalatlas Deutschland;JAHR;Jahr;2019;KREISE;Kreise und kreisfreie Städte;09180;      Garmisch-Partenkirchen, Landkreis;69,5
99910;Regionalatlas Deutschland;JAHR;Jahr;2019;KREISE;Kreise und kreisfreie Städte;09181;      Landsberg am Lech, Landkreis;61,5
99910;Regionalatlas Deutschland;JAHR;Jahr;2019;KREISE;Kreise und kreisfreie Städte;09182;      Miesbach, Landkreis;71,7
99910;Regionalatlas Deutschland;JAHR;Jahr;2019;KREISE;Kreise und kreisfreie Städte;09183;      Mühldorf a.Inn, Landkreis;52,6
99910;Regionalatlas Deutschland;JAHR;Jahr;2019;KREISE;Kreise und kreisfreie Städte;09184;      München, Landkreis;46,6
99910;Regionalatlas Deutschland;JAHR;Jahr;2019;KREISE;Kreise und kreisfreie Städte;09185;      Neuburg-Schrobenhausen, Landkreis;50,2
99910;Regionalatlas Deutschland;JAHR;Jahr;2019;KREISE;Kreise und kreisfreie Städte;09186;      Pfaffenhofen a.d.Ilm, Landkreis;66,3
99910;Regionalatlas Deutschland;JAHR;Jahr;2019;KREISE;Kreise und kreisfreie Städte;09187;      Rosenheim, Landkreis;59,6
99910;Regionalatlas Deutschland;JAHR;Jahr;2019;KREISE;Kreise und kreisfreie Städte;09188;      Starnberg, Landkreis;61,5
99910;Regionalatlas Deutschland;JAHR;Jahr;2019;KREISE;Kreise und kreisfreie Städte;09189;      Traunstein, Landkreis;65,1
99910;Regionalatlas Deutschland;JAHR;Jahr;2019;KREISE;Kreise und kreisfreie Städte;09190;      Weilheim-Schongau, Landkreis;56,0
99910;Regionalatlas Deutschland;JAHR;Jahr;2019;KREISE;Kreise und kreisfreie Städte;092;    Niederbayern, Regierungsbezirk;54,3
99910;Regionalatlas Deutschland;JAHR;Jahr;2019;KREISE;Kreise und kreisfreie Städte;09261;      Landshut, kreisfreie Stadt;110,7
99910;Regionalatlas Deutschland;JAHR;Jahr;2019;KREISE;Kreise und kreisfreie Städte;09262;      Passau, kreisfreie Stadt;81,3
99910;Regionalatlas Deutschland;JAHR;Jahr;2019;KREISE;Kreise und kreisfreie Städte;09263;      Straubing, kreisfreie Stadt;80,1
99910;Regionalatlas Deutschland;JAHR;Jahr;2019;KREISE;Kreise und kreisfreie Städte;09271;      Deggendorf, Landkreis;62,5
99910;Regionalatlas Deutschland;JAHR;Jahr;2019;KREISE;Kreise und kreisfreie Städte;09272;      Freyung-Grafenau, Landkreis;35,7
99910;Regionalatlas Deutschland;JAHR;Jahr;2019;KREISE;Kreise und kreisfreie Städte;09273;      Kelheim, Landkreis;55,8
99910;Regionalatlas Deutschland;JAHR;Jahr;2019;KREISE;Kreise und kreisfreie Städte;09274;      Landshut, Landkreis;55,0
99910;Regionalatlas Deutschland;JAHR;Jahr;2019;KREISE;Kreise und kreisfreie Städte;09275;      Passau, Landkreis;49,7
99910;Regionalatlas Deutschland;JAHR;Jahr;2019;KREISE;Kreise und kreisfreie Städte;09276;      Regen, Landkreis;51,6
99910;Regionalatlas Deutschland;JAHR;Jahr;2019;KREISE;Kreise und kreisfreie Städte;09277;      Rottal-Inn, Landkreis;43,6
99910;Regionalatlas Deutschland;JAHR;Jahr;2019;KREISE;Kreise und kreisfreie Städte;09278;      Straubing-Bogen, Landkreis;43,2
99910;Regionalatlas Deutschland;JAHR;Jahr;2019;KREISE;Kreise und kreisfreie Städte;09279;      Dingolfing-Landau, Landkreis;46,5
99910;Regionalatlas Deutschland;JAHR;Jahr;2019;KREISE;Kreise und kreisfreie Städte;093;    Oberpfalz, Regierungsbezirk;53,8
99910;Regionalatlas Deutschland;JAHR;Jahr;2019;KREISE;Kreise und kreisfreie Städte;09361;      Amberg, kreisfreie Stadt;77,6
99910;Regionalatlas Deutschland;JAHR;Jahr;2019;KREISE;Kreise und kreisfreie Städte;09362;      Regensburg, kreisfreie Stadt;80,1
99910;Regionalatlas Deutschland;JAHR;Jahr;2019;KREISE;Kreise und kreisfreie Städte;09363;      Weiden i.d.OPf., kreisfreie Stadt;92,2
99910;Regionalatlas Deutschland;JAHR;Jahr;2019;KREISE;Kreise und kreisfreie Städte;09371;      Amberg-Sulzbach, Landkreis;43,6
99910;Regionalatlas Deutschland;JAHR;Jahr;2019;KREISE;Kreise und kreisfreie Städte;09372;      Cham, Landkreis;43,1
99910;Regionalatlas Deutschland;JAHR;Jahr;2019;KREISE;Kreise und kreisfreie Städte;09373;      Neumarkt i.d.OPf., Landkreis;52,0
99910;Regionalatlas Deutschland;JAHR;Jahr;2019;KREISE;Kreise und kreisfreie Städte;09374;      Neustadt a.d.Waldnaab, Landkreis;48,3
99910;Regionalatlas Deutschland;JAHR;Jahr;2019;KREISE;Kreise und kreisfreie Städte;09375;      Regensburg, Landkreis;46,3
99910;Regionalatlas Deutschland;JAHR;Jahr;2019;KREISE;Kreise und kreisfreie Städte;09376;      Schwandorf, Landkreis;52,6
99910;Regionalatlas Deutschland;JAHR;Jahr;2019;KREISE;Kreise und kreisfreie Städte;09377;      Tirschenreuth, Landkreis;45,8
99910;Regionalatlas Deutschland;JAHR;Jahr;2019;KREISE;Kreise und kreisfreie Städte;094;    Oberfranken, Regierungsbezirk;59,9
99910;Regionalatlas Deutschland;JAHR;Jahr;2019;KREISE;Kreise und kreisfreie Städte;09461;      Bamberg, kreisfreie Stadt;96,6
99910;Regionalatlas Deutschland;JAHR;Jahr;2019;KREISE;Kreise und kreisfreie Städte;09462;      Bayreuth, kreisfreie Stadt;82,2
99910;Regionalatlas Deutschland;JAHR;Jahr;2019;KREISE;Kreise und kreisfreie Städte;09463;      Coburg, kreisfreie Stadt;75,0
99910;Regionalatlas Deutschland;JAHR;Jahr;2019;KREISE;Kreise und kreisfreie Städte;09464;      Hof, kreisfreie Stadt;95,3
99910;Regionalatlas Deutschland;JAHR;Jahr;2019;KREISE;Kreise und kreisfreie Städte;09471;      Bamberg, Landkreis;52,6
99910;Regionalatlas Deutschland;JAHR;Jahr;2019;KREISE;Kreise und kreisfreie Städte;09472;      Bayreuth, Landkreis;57,5
99910;Regionalatlas Deutschland;JAHR;Jahr;2019;KREISE;Kreise und kreisfreie Städte;09473;      Coburg, Landkreis;47,6
99910;Regionalatlas Deutschland;JAHR;Jahr;2019;KREISE;Kreise und kreisfreie Städte;09474;      Forchheim, Landkreis;55,3
99910;Regionalatlas Deutschland;JAHR;Jahr;2019;KREISE;Kreise und kreisfreie Städte;09475;      Hof, Landkreis;61,9
99910;Regionalatlas Deutschland;JAHR;Jahr;2019;KREISE;Kreise und kreisfreie Städte;09476;      Kronach, Landkreis;37,4
99910;Regionalatlas Deutschland;JAHR;Jahr;2019;KREISE;Kreise und kreisfreie Städte;09477;      Kulmbach, Landkreis;56,3
99910;Regionalatlas Deutschland;JAHR;Jahr;2019;KREISE;Kreise und kreisfreie Städte;09478;      Lichtenfels, Landkreis;54,3
99910;Regionalatlas Deutschland;JAHR;Jahr;2019;KREISE;Kreise und kreisfreie Städte;09479;      Wunsiedel i.Fichtelgebirge, Landkreis;57,7
99910;Regionalatlas Deutschland;JAHR;Jahr;2019;KREISE;Kreise und kreisfreie Städte;095;    Mittelfranken, Regierungsbezirk;63,9
99910;Regionalatlas Deutschland;JAHR;Jahr;2019;KREISE;Kreise und kreisfreie Städte;09561;      Ansbach, kreisfreie Stadt;82,8
99910;Regionalatlas Deutschland;JAHR;Jahr;2019;KREISE;Kreise und kreisfreie Städte;09562;      Erlangen, kreisfreie Stadt;112,8
99910;Regionalatlas Deutschland;JAHR;Jahr;2019;KREISE;Kreise und kreisfreie Städte;09563;      Fürth, kreisfreie Stadt;62,8
99910;Regionalatlas Deutschland;JAHR;Jahr;2019;KREISE;Kreise und kreisfreie Städte;09564;      Nürnberg, kreisfreie Stadt;80,6
99910;Regionalatlas Deutschland;JAHR;Jahr;2019;KREISE;Kreise und kreisfreie Städte;09565;      Schwabach, kreisfreie Stadt;69,3
99910;Regionalatlas Deutschland;JAHR;Jahr;2019;KREISE;Kreise und kreisfreie Städte;09571;      Ansbach, Landkreis;53,4
99910;Regionalatlas Deutschland;JAHR;Jahr;2019;KREISE;Kreise und kreisfreie Städte;09572;      Erlangen-Höchstadt, Landkreis;57,1
99910;Regionalatlas Deutschland;JAHR;Jahr;2019;KREISE;Kreise und kreisfreie Städte;09573;      Fürth, Landkreis;36,7
99910;Regionalatlas Deutschland;JAHR;Jahr;2019;KREISE;Kreise und kreisfreie Städte;09574;      Nürnberger Land, Landkreis;58,8
99910;Regionalatlas Deutschland;JAHR;Jahr;2019;KREISE;Kreise und kreisfreie Städte;09575;      Neustadt a.d.Aisch-Bad Windsheim, Landkreis;47,1
99910;Regionalatlas Deutschland;JAHR;Jahr;2019;KREISE;Kreise und kreisfreie Städte;09576;      Roth, Landkreis;59,6
99910;Regionalatlas Deutschland;JAHR;Jahr;2019;KREISE;Kreise und kreisfreie Städte;09577;      Weißenburg-Gunzenhausen, Landkreis;54,1
99910;Regionalatlas Deutschland;JAHR;Jahr;2019;KREISE;Kreise und kreisfreie Städte;096;    Unterfranken, Regierungsbezirk;54,5
99910;Regionalatlas Deutschland;JAHR;Jahr;2019;KREISE;Kreise und kreisfreie Städte;09661;      Aschaffenburg, kreisfreie Stadt;65,7
99910;Regionalatlas Deutschland;JAHR;Jahr;2019;KREISE;Kreise und kreisfreie Städte;09662;      Schweinfurt, kreisfreie Stadt;108,9
99910;Regionalatlas Deutschland;JAHR;Jahr;2019;KREISE;Kreise und kreisfreie Städte;09663;      Würzburg, kreisfreie Stadt;90,9
99910;Regionalatlas Deutschland;JAHR;Jahr;2019;KREISE;Kreise und kreisfreie Städte;09671;      Aschaffenburg, Landkreis;50,7
99910;Regionalatlas Deutschland;JAHR;Jahr;2019;KREISE;Kreise und kreisfreie Städte;09672;      Bad Kissingen, Landkreis;60,4
99910;Regionalatlas Deutschland;JAHR;Jahr;2019;KREISE;Kreise und kreisfreie Städte;09673;      Rhön-Grabfeld, Landkreis;50,1
99910;Regionalatlas Deutschland;JAHR;Jahr;2019;KREISE;Kreise und kreisfreie Städte;09674;      Haßberge, Landkreis;46,0
99910;Regionalatlas Deutschland;JAHR;Jahr;2019;KREISE;Kreise und kreisfreie Städte;09675;      Kitzingen, Landkreis;52,6
99910;Regionalatlas Deutschland;JAHR;Jahr;2019;KREISE;Kreise und kreisfreie Städte;09676;      Miltenberg, Landkreis;49,2
99910;Regionalatlas Deutschland;JAHR;Jahr;2019;KREISE;Kreise und kreisfreie Städte;09677;      Main-Spessart, Landkreis;45,4
99910;Regionalatlas Deutschland;JAHR;Jahr;2019;KREISE;Kreise und kreisfreie Städte;09678;      Schweinfurt, Landkreis;46,7
99910;Regionalatlas Deutschland;JAHR;Jahr;2019;KREISE;Kreise und kreisfreie Städte;09679;      Würzburg, Landkreis;41,2
99910;Regionalatlas Deutschland;JAHR;Jahr;2019;KREISE;Kreise und kreisfreie Städte;097;    Schwaben, Regierungsbezirk;63,8
99910;Regionalatlas Deutschland;JAHR;Jahr;2019;KREISE;Kreise und kreisfreie Städte;09761;      Augsburg, kreisfreie Stadt;107,8
99910;Regionalatlas Deutschland;JAHR;Jahr;2019;KREISE;Kreise und kreisfreie Städte;09762;      Kaufbeuren, kreisfreie Stadt;78,7
99910;Regionalatlas Deutschland;JAHR;Jahr;2019;KREISE;Kreise und kreisfreie Städte;09763;      Kempten (Allgäu), kreisfreie Stadt;84,5
99910;Regionalatlas Deutschland;JAHR;Jahr;2019;KREISE;Kreise und kreisfreie Städte;09764;      Memmingen, kreisfreie Stadt;99,8
99910;Regionalatlas Deutschland;JAHR;Jahr;2019;KREISE;Kreise und kreisfreie Städte;09771;      Aichach-Friedberg, Landkreis;58,1
99910;Regionalatlas Deutschland;JAHR;Jahr;2019;KREISE;Kreise und kreisfreie Städte;09772;      Augsburg, Landkreis;51,2
99910;Regionalatlas Deutschland;JAHR;Jahr;2019;KREISE;Kreise und kreisfreie Städte;09773;      Dillingen a.d.Donau, Landkreis;44,2
99910;Regionalatlas Deutschland;JAHR;Jahr;2019;KREISE;Kreise und kreisfreie Städte;09774;      Günzburg, Landkreis;54,4
99910;Regionalatlas Deutschland;JAHR;Jahr;2019;KREISE;Kreise und kreisfreie Städte;09775;      Neu-Ulm, Landkreis;68,2
99910;Regionalatlas Deutschland;JAHR;Jahr;2019;KREISE;Kreise und kreisfreie Städte;09776;      Lindau (Bodensee), Landkreis;63,1
99910;Regionalatlas Deutschland;JAHR;Jahr;2019;KREISE;Kreise und kreisfreie Städte;09777;      Ostallgäu, Landkreis;57,6
99910;Regionalatlas Deutschland;JAHR;Jahr;2019;KREISE;Kreise und kreisfreie Städte;09778;      Unterallgäu, Landkreis;50,5
99910;Regionalatlas Deutschland;JAHR;Jahr;2019;KREISE;Kreise und kreisfreie Städte;09779;      Donau-Ries, Landkreis;51,7
99910;Regionalatlas Deutschland;JAHR;Jahr;2019;KREISE;Kreise und kreisfreie Städte;09780;      Oberallgäu, Landkreis;63,3
99910;Regionalatlas Deutschland;JAHR;Jahr;2019;KREISE;Kreise und kreisfreie Städte;10;  Saarland;70,4
99910;Regionalatlas Deutschland;JAHR;Jahr;2019;KREISE;Kreise und kreisfreie Städte;10041;      Saarbrücken, Regionalverband;84,4
99910;Regionalatlas Deutschland;JAHR;Jahr;2019;KREISE;Kreise und kreisfreie Städte;10041100;      Saarbrücken, Landeshauptstadt;101,1
99910;Regionalatlas Deutschland;JAHR;Jahr;2019;KREISE;Kreise und kreisfreie Städte;10042;      Merzig-Wadern, Landkreis;62,0
99910;Regionalatlas Deutschland;JAHR;Jahr;2019;KREISE;Kreise und kreisfreie Städte;10043;      Neunkirchen, Landkreis;64,8
99910;Regionalatlas Deutschland;JAHR;Jahr;2019;KREISE;Kreise und kreisfreie Städte;10044;      Saarlouis, Landkreis;62,7
99910;Regionalatlas Deutschland;JAHR;Jahr;2019;KREISE;Kreise und kreisfreie Städte;10045;      Saarpfalz-Kreis;70,7
99910;Regionalatlas Deutschland;JAHR;Jahr;2019;KREISE;Kreise und kreisfreie Städte;10046;      St. Wendel, Landkreis;61,5
99910;Regionalatlas Deutschland;JAHR;Jahr;2019;KREISE;Kreise und kreisfreie Städte;11;  Berlin;116,4
99910;Regionalatlas Deutschland;JAHR;Jahr;2019;KREISE;Kreise und kreisfreie Städte;11001001;      Berlin-Mitte;.
99910;Regionalatlas Deutschland;JAHR;Jahr;2019;KREISE;Kreise und kreisfreie Städte;11002002;      Berlin-Friedrichshain-Kreuzberg;.
99910;Regionalatlas Deutschland;JAHR;Jahr;2019;KREISE;Kreise und kreisfreie Städte;11003003;      Berlin-Pankow;.
99910;Regionalatlas Deutschland;JAHR;Jahr;2019;KREISE;Kreise und kreisfreie Städte;11004004;      Berlin-Charlottenburg-Wilmersdorf;.
99910;Regionalatlas Deutschland;JAHR;Jahr;2019;KREISE;Kreise und kreisfreie Städte;11005005;      Berlin-Spandau;.
99910;Regionalatlas Deutschland;JAHR;Jahr;2019;KREISE;Kreise und kreisfreie Städte;11006006;      Berlin-Steglitz-Zehlendorf;.
99910;Regionalatlas Deutschland;JAHR;Jahr;2019;KREISE;Kreise und kreisfreie Städte;11007007;      Berlin-Tempelhof-Schöneberg;.
99910;Regionalatlas Deutschland;JAHR;Jahr;2019;KREISE;Kreise und kreisfreie Städte;11008008;      Berlin-Neukölln;.
99910;Regionalatlas Deutschland;JAHR;Jahr;2019;KREISE;Kreise und kreisfreie Städte;11009009;      Berlin-Treptow-Köpenick;.
99910;Regionalatlas Deutschland;JAHR;Jahr;2019;KREISE;Kreise und kreisfreie Städte;11010010;      Berlin-Marzahn-Hellersdorf;.
99910;Regionalatlas Deutschland;JAHR;Jahr;2019;KREISE;Kreise und kreisfreie Städte;11011011;      Berlin-Lichtenberg;.
99910;Regionalatlas Deutschland;JAHR;Jahr;2019;KREISE;Kreise und kreisfreie Städte;11012012;      Berlin-Reinickendorf;.
99910;Regionalatlas Deutschland;JAHR;Jahr;2019;KREISE;Kreise und kreisfreie Städte;12;  Brandenburg;69,2
99910;Regionalatlas Deutschland;JAHR;Jahr;2019;KREISE;Kreise und kreisfreie Städte;12051;      Brandenburg an der Havel, kreisfreie Stadt;83,7
99910;Regionalatlas Deutschland;JAHR;Jahr;2019;KREISE;Kreise und kreisfreie Städte;12052;      Cottbus, kreisfreie Stadt;72,0
99910;Regionalatlas Deutschland;JAHR;Jahr;2019;KREISE;Kreise und kreisfreie Städte;12053;      Frankfurt (Oder), kreisfreie Stadt;58,3
99910;Regionalatlas Deutschland;JAHR;Jahr;2019;KREISE;Kreise und kreisfreie Städte;12054;      Potsdam, kreisfreie Stadt;100,1
99910;Regionalatlas Deutschland;JAHR;Jahr;2019;KREISE;Kreise und kreisfreie Städte;12060;      Barnim, Landkreis;85,1
99910;Regionalatlas Deutschland;JAHR;Jahr;2019;KREISE;Kreise und kreisfreie Städte;12061;      Dahme-Spreewald, Landkreis;79,2
99910;Regionalatlas Deutschland;JAHR;Jahr;2019;KREISE;Kreise und kreisfreie Städte;12062;      Elbe-Elster, Landkreis;47,7
99910;Regionalatlas Deutschland;JAHR;Jahr;2019;KREISE;Kreise und kreisfreie Städte;12063;      Havelland, Landkreis;64,3
99910;Regionalatlas Deutschland;JAHR;Jahr;2019;KREISE;Kreise und kreisfreie Städte;12064;      Märkisch-Oderland, Landkreis;59,1
99910;Regionalatlas Deutschland;JAHR;Jahr;2019;KREISE;Kreise und kreisfreie Städte;12065;      Oberhavel, Landkreis;74,6
99910;Regionalatlas Deutschland;JAHR;Jahr;2019;KREISE;Kreise und kreisfreie Städte;12066;      Oberspreewald-Lausitz, Landkreis;62,0
99910;Regionalatlas Deutschland;JAHR;Jahr;2019;KREISE;Kreise und kreisfreie Städte;12067;      Oder-Spree, Landkreis;55,5
99910;Regionalatlas Deutschland;JAHR;Jahr;2019;KREISE;Kreise und kreisfreie Städte;12068;      Ostprignitz-Ruppin, Landkreis;70,5
99910;Regionalatlas Deutschland;JAHR;Jahr;2019;KREISE;Kreise und kreisfreie Städte;12069;      Potsdam-Mittelmark, Landkreis;73,8
99910;Regionalatlas Deutschland;JAHR;Jahr;2019;KREISE;Kreise und kreisfreie Städte;12070;      Prignitz, Landkreis;60,2
99910;Regionalatlas Deutschland;JAHR;Jahr;2019;KREISE;Kreise und kreisfreie Städte;12071;      Spree-Neiße, Landkreis;57,5
99910;Regionalatlas Deutschland;JAHR;Jahr;2019;KREISE;Kreise und kreisfreie Städte;12072;      Teltow-Fläming, Landkreis;71,4
99910;Regionalatlas Deutschland;JAHR;Jahr;2019;KREISE;Kreise und kreisfreie Städte;12073;      Uckermark, Landkreis;61,7
99910;Regionalatlas Deutschland;JAHR;Jahr;2019;KREISE;Kreise und kreisfreie Städte;13;  Mecklenburg-Vorpommern;65,9
99910;Regionalatlas Deutschland;JAHR;Jahr;2019;KREISE;Kreise und kreisfreie Städte;13003;      Rostock, kreisfreie Stadt;76,2
99910;Regionalatlas Deutschland;JAHR;Jahr;2019;KREISE;Kreise und kreisfreie Städte;13004;      Schwerin, kreisfreie Stadt;81,8
99910;Regionalatlas Deutschland;JAHR;Jahr;2019;KREISE;Kreise und kreisfreie Städte;13071;      Mecklenburgische Seenplatte, Landkreis;56,3
99910;Regionalatlas Deutschland;JAHR;Jahr;2019;KREISE;Kreise und kreisfreie Städte;13072;      Landkreis Rostock;59,5
99910;Regionalatlas Deutschland;JAHR;Jahr;2019;KREISE;Kreise und kreisfreie Städte;13073;      Vorpommern-Rügen, Landkreis;70,8
99910;Regionalatlas Deutschland;JAHR;Jahr;2019;KREISE;Kreise und kreisfreie Städte;13074;      Nordwestmecklenburg, Landkreis;64,8
99910;Regionalatlas Deutschland;JAHR;Jahr;2019;KREISE;Kreise und kreisfreie Städte;13075;      Vorpommern-Greifswald, Landkreis;74,3
99910;Regionalatlas Deutschland;JAHR;Jahr;2019;KREISE;Kreise und kreisfreie Städte;13076;      Ludwigslust-Parchim, Landkreis;59,7
99910;Regionalatlas Deutschland;JAHR;Jahr;2019;KREISE;Kreise und kreisfreie Städte;14;  Sachsen;67,8
99910;Regionalatlas Deutschland;JAHR;Jahr;2019;KREISE;Kreise und kreisfreie Städte;145;    Chemnitz, Statistische Region;60,1
99910;Regionalatlas Deutschland;JAHR;Jahr;2019;KREISE;Kreise und kreisfreie Städte;14511;      Chemnitz, kreisfreie Stadt;82,9
99910;Regionalatlas Deutschland;JAHR;Jahr;2019;KREISE;Kreise und kreisfreie Städte;14521;      Erzgebirgskreis;53,3
99910;Regionalatlas Deutschland;JAHR;Jahr;2019;KREISE;Kreise und kreisfreie Städte;14522;      Mittelsachsen, Landkreis;59,2
99910;Regionalatlas Deutschland;JAHR;Jahr;2019;KREISE;Kreise und kreisfreie Städte;14523;      Vogtlandkreis;57,3
99910;Regionalatlas Deutschland;JAHR;Jahr;2019;KREISE;Kreise und kreisfreie Städte;14524;      Zwickau, Landkreis;56,2
99910;Regionalatlas Deutschland;JAHR;Jahr;2019;KREISE;Kreise und kreisfreie Städte;146;    Dresden, Statistische Region;72,1
99910;Regionalatlas Deutschland;JAHR;Jahr;2019;KREISE;Kreise und kreisfreie Städte;14612;      Dresden, kreisfreie Stadt;102,5
99910;Regionalatlas Deutschland;JAHR;Jahr;2019;KREISE;Kreise und kreisfreie Städte;14625;      Bautzen, Landkreis;61,4
99910;Regionalatlas Deutschland;JAHR;Jahr;2019;KREISE;Kreise und kreisfreie Städte;14626;      Görlitz, Landkreis;61,7
99910;Regionalatlas Deutschland;JAHR;Jahr;2019;KREISE;Kreise und kreisfreie Städte;14627;      Meißen, Landkreis;62,4
99910;Regionalatlas Deutschland;JAHR;Jahr;2019;KREISE;Kreise und kreisfreie Städte;14628;      Sächsische Schweiz-Osterzgebirge, Landkreis;59,8
99910;Regionalatlas Deutschland;JAHR;Jahr;2019;KREISE;Kreise und kreisfreie Städte;147;    Leipzig, Statistische Region;73,3
99910;Regionalatlas Deutschland;JAHR;Jahr;2019;KREISE;Kreise und kreisfreie Städte;14713;      Leipzig, kreisfreie Stadt;91,4
99910;Regionalatlas Deutschland;JAHR;Jahr;2019;KREISE;Kreise und kreisfreie Städte;14729;      Leipzig, Landkreis;56,1
99910;Regionalatlas Deutschland;JAHR;Jahr;2019;KREISE;Kreise und kreisfreie Städte;14730;      Nordsachsen, Landkreis;62,9
99910;Regionalatlas Deutschland;JAHR;Jahr;2019;KREISE;Kreise und kreisfreie Städte;15;  Sachsen-Anhalt;64,9
99910;Regionalatlas Deutschland;JAHR;Jahr;2019;KREISE;Kreise und kreisfreie Städte;15001;      Dessau-Roßlau, kreisfreie Stadt;61,1
99910;Regionalatlas Deutschland;JAHR;Jahr;2019;KREISE;Kreise und kreisfreie Städte;15002;      Halle (Saale), kreisfreie Stadt;94,3
99910;Regionalatlas Deutschland;JAHR;Jahr;2019;KREISE;Kreise und kreisfreie Städte;15003;      Magdeburg, kreisfreie Stadt, Landeshauptstadt;91,4
99910;Regionalatlas Deutschland;JAHR;Jahr;2019;KREISE;Kreise und kreisfreie Städte;15081;      Altmarkkreis Salzwedel;60,3
99910;Regionalatlas Deutschland;JAHR;Jahr;2019;KREISE;Kreise und kreisfreie Städte;15082;      Anhalt-Bitterfeld, Landkreis;70,9
99910;Regionalatlas Deutschland;JAHR;Jahr;2019;KREISE;Kreise und kreisfreie Städte;15083;      Börde, Landkreis;54,7
99910;Regionalatlas Deutschland;JAHR;Jahr;2019;KREISE;Kreise und kreisfreie Städte;15084;      Burgenlandkreis;69,9
99910;Regionalatlas Deutschland;JAHR;Jahr;2019;KREISE;Kreise und kreisfreie Städte;15085;      Harz, Landkreis;59,6
99910;Regionalatlas Deutschland;JAHR;Jahr;2019;KREISE;Kreise und kreisfreie Städte;15086;      Jerichower Land, Landkreis;56,2
99910;Regionalatlas Deutschland;JAHR;Jahr;2019;KREISE;Kreise und kreisfreie Städte;15087;      Mansfeld-Südharz, Landkreis;56,2
99910;Regionalatlas Deutschland;JAHR;Jahr;2019;KREISE;Kreise und kreisfreie Städte;15088;      Saalekreis;62,1
99910;Regionalatlas Deutschland;JAHR;Jahr;2019;KREISE;Kreise und kreisfreie Städte;15089;      Salzlandkreis;53,4
99910;Regionalatlas Deutschland;JAHR;Jahr;2019;KREISE;Kreise und kreisfreie Städte;15090;      Stendal, Landkreis;45,4
99910;Regionalatlas Deutschland;JAHR;Jahr;2019;KREISE;Kreise und kreisfreie Städte;15091;      Wittenberg, Landkreis;61,4
99910;Regionalatlas Deutschland;JAHR;Jahr;2019;KREISE;Kreise und kreisfreie Städte;16;  Thüringen;56,8
99910;Regionalatlas Deutschland;JAHR;Jahr;2019;KREISE;Kreise und kreisfreie Städte;16051;      Erfurt, kreisfreie Stadt;67,5
99910;Regionalatlas Deutschland;JAHR;Jahr;2019;KREISE;Kreise und kreisfreie Städte;16052;      Gera, kreisfreie Stadt;66,4
99910;Regionalatlas Deutschland;JAHR;Jahr;2019;KREISE;Kreise und kreisfreie Städte;16053;      Jena, kreisfreie Stadt;71,8
99910;Regionalatlas Deutschland;JAHR;Jahr;2019;KREISE;Kreise und kreisfreie Städte;16054;      Suhl, kreisfreie Stadt;50,1
99910;Regionalatlas Deutschland;JAHR;Jahr;2019;KREISE;Kreise und kreisfreie Städte;16055;      Weimar, kreisfreie Stadt;71,8
99910;Regionalatlas Deutschland;JAHR;Jahr;2019;KREISE;Kreise und kreisfreie Städte;16056;      Eisenach, kreisfreie Stadt;79,4
99910;Regionalatlas Deutschland;JAHR;Jahr;2019;KREISE;Kreise und kreisfreie Städte;16061;      Eichsfeld, Landkreis;49,9
99910;Regionalatlas Deutschland;JAHR;Jahr;2019;KREISE;Kreise und kreisfreie Städte;16062;      Nordhausen, Landkreis;62,8
99910;Regionalatlas Deutschland;JAHR;Jahr;2019;KREISE;Kreise und kreisfreie Städte;16063;      Wartburgkreis;51,5
99910;Regionalatlas Deutschland;JAHR;Jahr;2019;KREISE;Kreise und kreisfreie Städte;16064;      Unstrut-Hainich-Kreis;51,8
99910;Regionalatlas Deutschland;JAHR;Jahr;2019;KREISE;Kreise und kreisfreie Städte;16065;      Kyffhäuserkreis;47,2
99910;Regionalatlas Deutschland;JAHR;Jahr;2019;KREISE;Kreise und kreisfreie Städte;16066;      Schmalkalden-Meiningen, Landkreis;48,7
99910;Regionalatlas Deutschland;JAHR;Jahr;2019;KREISE;Kreise und kreisfreie Städte;16067;      Gotha, Landkreis;56,8
99910;Regionalatlas Deutschland;JAHR;Jahr;2019;KREISE;Kreise und kreisfreie Städte;16068;      Sömmerda, Landkreis;45,6
99910;Regionalatlas Deutschland;JAHR;Jahr;2019;KREISE;Kreise und kreisfreie Städte;16069;      Hildburghausen, Landkreis;50,8
99910;Regionalatlas Deutschland;JAHR;Jahr;2019;KREISE;Kreise und kreisfreie Städte;16070;      Ilm-Kreis;51,1
99910;Regionalatlas Deutschland;JAHR;Jahr;2019;KREISE;Kreise und kreisfreie Städte;16071;      Weimarer Land, Landkreis;64,5
99910;Regionalatlas Deutschland;JAHR;Jahr;2019;KREISE;Kreise und kreisfreie Städte;16072;      Sonneberg, Landkreis;54,3
99910;Regionalatlas Deutschland;JAHR;Jahr;2019;KREISE;Kreise und kreisfreie Städte;16073;      Saalfeld-Rudolstadt, Landkreis;47,4
99910;Regionalatlas Deutschland;JAHR;Jahr;2019;KREISE;Kreise und kreisfreie Städte;16074;      Saale-Holzland-Kreis;73,7
99910;Regionalatlas Deutschland;JAHR;Jahr;2019;KREISE;Kreise und kreisfreie Städte;16075;      Saale-Orla-Kreis;71,7
99910;Regionalatlas Deutschland;JAHR;Jahr;2019;KREISE;Kreise und kreisfreie Städte;16076;      Greiz, Landkreis;45,0
99910;Regionalatlas Deutschland;JAHR;Jahr;2019;KREISE;Kreise und kreisfreie Städte;16077;      Altenburger Land, Landkreis;47,8
